[10.25.2025 19:35:14.044]: Converting project file Setup.wixproj...
[10.25.2025 19:35:15.189]: Converting file: Y:\user_alex_new\dot_net2022\Github\GitExtensions\setup\installer\Product.wxs...
[10.25.2025 19:35:15.213]: Y:\user_alex_new\dot_net2022\Github\GitExtensions\setup\installer\Product.wxs : information WIX0005: [Converted] This file contains an XML declaration on the first line. (DeclarationPresent)
[10.25.2025 19:35:15.213]: Y:\user_alex_new\dot_net2022\Github\GitExtensions\setup\installer\Product.wxs(1) : information WIX0009: [Converted] The namespace 'http://schemas.microsoft.com/wix/2006/wi' is out of date. It must be 'http://wixtoolset.org/schemas/v4/wxs'. (XmlnsValueWrong)
[10.25.2025 19:35:15.213]: Y:\user_alex_new\dot_net2022\Github\GitExtensions\setup\installer\Product.wxs(1) : information WIX0009: [Converted] The namespace 'http://schemas.microsoft.com/wix/NetFxExtension' is out of date. It must be 'http://wixtoolset.org/schemas/v4/wxs/netfx'. (XmlnsValueWrong)
[10.25.2025 19:35:15.213]: Y:\user_alex_new\dot_net2022\Github\GitExtensions\setup\installer\Product.wxs : information WIX0009: [Converted] The namespace 'http://schemas.microsoft.com/wix/VSExtension' is out of date. It must be 'http://wixtoolset.org/schemas/v4/wxs/vs'. (XmlnsValueWrong)
[10.25.2025 19:35:15.213]: Y:\user_alex_new\dot_net2022\Github\GitExtensions\setup\installer\Product.wxs(3) : information WIX0023: [Converted] Using '*' for the Product Id attribute is unnecessary. Remove the attribute to remove the redundancy. (AutoGuidUnnecessary)
[10.25.2025 19:35:15.213]: Y:\user_alex_new\dot_net2022\Github\GitExtensions\setup\installer\Product.wxs(3) : information WIX0030: [Converted] The Product and Package elements have been renamed and reorganized for simplicity. (ProductAndPackageRenamed)
[10.25.2025 19:35:15.213]: Y:\user_alex_new\dot_net2022\Github\GitExtensions\setup\installer\Product.wxs : information WIX0058: [Converted] The TARGETDIR directory should no longer be explicitly defined. Remove the Directory element with Id attribute 'TARGETDIR'. (TargetDirDeprecated)
[10.25.2025 19:35:15.213]: Y:\user_alex_new\dot_net2022\Github\GitExtensions\setup\installer\Product.wxs(30) : information WIX0023: [Converted] Using '*' for the Component Guid attribute is unnecessary. Remove the attribute to remove the redundancy. (AutoGuidUnnecessary)
[10.25.2025 19:35:15.213]: Y:\user_alex_new\dot_net2022\Github\GitExtensions\setup\installer\Product.wxs(31) : information WIX0012: [Converted] The file id is being updated to 'git-extensions-logo.ico' to ensure it remains the same as the v3 default (AssignAnonymousFileId)
[10.25.2025 19:35:15.213]: Y:\user_alex_new\dot_net2022\Github\GitExtensions\setup\installer\Product.wxs(33) : information WIX0023: [Converted] Using '*' for the Component Guid attribute is unnecessary. Remove the attribute to remove the redundancy. (AutoGuidUnnecessary)
[10.25.2025 19:35:15.213]: Y:\user_alex_new\dot_net2022\Github\GitExtensions\setup\installer\Product.wxs(34) : information WIX0012: [Converted] The file id is being updated to 'gitex.cmd' to ensure it remains the same as the v3 default (AssignAnonymousFileId)
[10.25.2025 19:35:15.213]: Y:\user_alex_new\dot_net2022\Github\GitExtensions\setup\installer\Product.wxs(36) : information WIX0023: [Converted] Using '*' for the Component Guid attribute is unnecessary. Remove the attribute to remove the redundancy. (AutoGuidUnnecessary)
[10.25.2025 19:35:15.213]: Y:\user_alex_new\dot_net2022\Github\GitExtensions\setup\installer\Product.wxs(37) : information WIX0012: [Converted] The file id is being updated to 'set-telemetry.ps1' to ensure it remains the same as the v3 default (AssignAnonymousFileId)
[10.25.2025 19:35:15.213]: Y:\user_alex_new\dot_net2022\Github\GitExtensions\setup\installer\Product.wxs(40) : information WIX0012: [Converted] The file id is being updated to 'GitExtensions.exe' to ensure it remains the same as the v3 default (AssignAnonymousFileId)
[10.25.2025 19:35:15.213]: Y:\user_alex_new\dot_net2022\Github\GitExtensions\setup\installer\Product.wxs(49) : information WIX0023: [Converted] Using '*' for the Component Guid attribute is unnecessary. Remove the attribute to remove the redundancy. (AutoGuidUnnecessary)
[10.25.2025 19:35:15.213]: Y:\user_alex_new\dot_net2022\Github\GitExtensions\setup\installer\Product.wxs(50) : information WIX0012: [Converted] The file id is being updated to 'AdysTech.CredentialManager.dll' to ensure it remains the same as the v3 default (AssignAnonymousFileId)
[10.25.2025 19:35:15.213]: Y:\user_alex_new\dot_net2022\Github\GitExtensions\setup\installer\Product.wxs(52) : information WIX0023: [Converted] Using '*' for the Component Guid attribute is unnecessary. Remove the attribute to remove the redundancy. (AutoGuidUnnecessary)
[10.25.2025 19:35:15.213]: Y:\user_alex_new\dot_net2022\Github\GitExtensions\setup\installer\Product.wxs(53) : information WIX0012: [Converted] The file id is being updated to 'AppInsights.WindowsDesktop.dll' to ensure it remains the same as the v3 default (AssignAnonymousFileId)
[10.25.2025 19:35:15.213]: Y:\user_alex_new\dot_net2022\Github\GitExtensions\setup\installer\Product.wxs(55) : information WIX0023: [Converted] Using '*' for the Component Guid attribute is unnecessary. Remove the attribute to remove the redundancy. (AutoGuidUnnecessary)
[10.25.2025 19:35:15.213]: Y:\user_alex_new\dot_net2022\Github\GitExtensions\setup\installer\Product.wxs(56) : information WIX0012: [Converted] The file id is being updated to 'Ben.Demystifier.dll' to ensure it remains the same as the v3 default (AssignAnonymousFileId)
[10.25.2025 19:35:15.213]: Y:\user_alex_new\dot_net2022\Github\GitExtensions\setup\installer\Product.wxs(58) : information WIX0023: [Converted] Using '*' for the Component Guid attribute is unnecessary. Remove the attribute to remove the redundancy. (AutoGuidUnnecessary)
[10.25.2025 19:35:15.213]: Y:\user_alex_new\dot_net2022\Github\GitExtensions\setup\installer\Product.wxs(59) : information WIX0012: [Converted] The file id is being updated to 'BugReporter.dll' to ensure it remains the same as the v3 default (AssignAnonymousFileId)
[10.25.2025 19:35:15.213]: Y:\user_alex_new\dot_net2022\Github\GitExtensions\setup\installer\Product.wxs(61) : information WIX0023: [Converted] Using '*' for the Component Guid attribute is unnecessary. Remove the attribute to remove the redundancy. (AutoGuidUnnecessary)
[10.25.2025 19:35:15.213]: Y:\user_alex_new\dot_net2022\Github\GitExtensions\setup\installer\Product.wxs(62) : information WIX0012: [Converted] The file id is being updated to 'BugReporter.exe' to ensure it remains the same as the v3 default (AssignAnonymousFileId)
[10.25.2025 19:35:15.213]: Y:\user_alex_new\dot_net2022\Github\GitExtensions\setup\installer\Product.wxs(64) : information WIX0023: [Converted] Using '*' for the Component Guid attribute is unnecessary. Remove the attribute to remove the redundancy. (AutoGuidUnnecessary)
[10.25.2025 19:35:15.213]: Y:\user_alex_new\dot_net2022\Github\GitExtensions\setup\installer\Product.wxs(65) : information WIX0012: [Converted] The file id is being updated to 'BugReporter.runtimeconfig.json' to ensure it remains the same as the v3 default (AssignAnonymousFileId)
[10.25.2025 19:35:15.214]: Y:\user_alex_new\dot_net2022\Github\GitExtensions\setup\installer\Product.wxs(67) : information WIX0023: [Converted] Using '*' for the Component Guid attribute is unnecessary. Remove the attribute to remove the redundancy. (AutoGuidUnnecessary)
[10.25.2025 19:35:15.214]: Y:\user_alex_new\dot_net2022\Github\GitExtensions\setup\installer\Product.wxs(68) : information WIX0012: [Converted] The file id is being updated to 'ConEmuWinForms.dll' to ensure it remains the same as the v3 default (AssignAnonymousFileId)
[10.25.2025 19:35:15.214]: Y:\user_alex_new\dot_net2022\Github\GitExtensions\setup\installer\Product.wxs(70) : information WIX0023: [Converted] Using '*' for the Component Guid attribute is unnecessary. Remove the attribute to remove the redundancy. (AutoGuidUnnecessary)
[10.25.2025 19:35:15.214]: Y:\user_alex_new\dot_net2022\Github\GitExtensions\setup\installer\Product.wxs(71) : information WIX0012: [Converted] The file id is being updated to 'EnvDTE.dll' to ensure it remains the same as the v3 default (AssignAnonymousFileId)
[10.25.2025 19:35:15.214]: Y:\user_alex_new\dot_net2022\Github\GitExtensions\setup\installer\Product.wxs(73) : information WIX0023: [Converted] Using '*' for the Component Guid attribute is unnecessary. Remove the attribute to remove the redundancy. (AutoGuidUnnecessary)
[10.25.2025 19:35:15.214]: Y:\user_alex_new\dot_net2022\Github\GitExtensions\setup\installer\Product.wxs(74) : information WIX0012: [Converted] The file id is being updated to 'ExCSS.dll' to ensure it remains the same as the v3 default (AssignAnonymousFileId)
[10.25.2025 19:35:15.214]: Y:\user_alex_new\dot_net2022\Github\GitExtensions\setup\installer\Product.wxs(76) : information WIX0023: [Converted] Using '*' for the Component Guid attribute is unnecessary. Remove the attribute to remove the redundancy. (AutoGuidUnnecessary)
[10.25.2025 19:35:15.214]: Y:\user_alex_new\dot_net2022\Github\GitExtensions\setup\installer\Product.wxs(77) : information WIX0012: [Converted] The file id is being updated to 'Git.hub.dll' to ensure it remains the same as the v3 default (AssignAnonymousFileId)
[10.25.2025 19:35:15.214]: Y:\user_alex_new\dot_net2022\Github\GitExtensions\setup\installer\Product.wxs(79) : information WIX0023: [Converted] Using '*' for the Component Guid attribute is unnecessary. Remove the attribute to remove the redundancy. (AutoGuidUnnecessary)
[10.25.2025 19:35:15.214]: Y:\user_alex_new\dot_net2022\Github\GitExtensions\setup\installer\Product.wxs(80) : information WIX0012: [Converted] The file id is being updated to 'GitCommands.dll' to ensure it remains the same as the v3 default (AssignAnonymousFileId)
[10.25.2025 19:35:15.214]: Y:\user_alex_new\dot_net2022\Github\GitExtensions\setup\installer\Product.wxs(82) : information WIX0023: [Converted] Using '*' for the Component Guid attribute is unnecessary. Remove the attribute to remove the redundancy. (AutoGuidUnnecessary)
[10.25.2025 19:35:15.214]: Y:\user_alex_new\dot_net2022\Github\GitExtensions\setup\installer\Product.wxs(83) : information WIX0012: [Converted] The file id is being updated to 'GitExtensions.deps.json' to ensure it remains the same as the v3 default (AssignAnonymousFileId)
[10.25.2025 19:35:15.214]: Y:\user_alex_new\dot_net2022\Github\GitExtensions\setup\installer\Product.wxs(88) : information WIX0023: [Converted] Using '*' for the Component Guid attribute is unnecessary. Remove the attribute to remove the redundancy. (AutoGuidUnnecessary)
[10.25.2025 19:35:15.214]: Y:\user_alex_new\dot_net2022\Github\GitExtensions\setup\installer\Product.wxs(89) : information WIX0012: [Converted] The file id is being updated to 'GitExtensions.dll' to ensure it remains the same as the v3 default (AssignAnonymousFileId)
[10.25.2025 19:35:15.214]: Y:\user_alex_new\dot_net2022\Github\GitExtensions\setup\installer\Product.wxs(91) : information WIX0023: [Converted] Using '*' for the Component Guid attribute is unnecessary. Remove the attribute to remove the redundancy. (AutoGuidUnnecessary)
[10.25.2025 19:35:15.214]: Y:\user_alex_new\dot_net2022\Github\GitExtensions\setup\installer\Product.wxs(92) : information WIX0012: [Converted] The file id is being updated to 'GitExtensions.dll.config' to ensure it remains the same as the v3 default (AssignAnonymousFileId)
[10.25.2025 19:35:15.214]: Y:\user_alex_new\dot_net2022\Github\GitExtensions\setup\installer\Product.wxs(94) : information WIX0023: [Converted] Using '*' for the Component Guid attribute is unnecessary. Remove the attribute to remove the redundancy. (AutoGuidUnnecessary)
[10.25.2025 19:35:15.214]: Y:\user_alex_new\dot_net2022\Github\GitExtensions\setup\installer\Product.wxs(95) : information WIX0012: [Converted] The file id is being updated to 'GitExtensions.Extensibility.dll' to ensure it remains the same as the v3 default (AssignAnonymousFileId)
[10.25.2025 19:35:15.214]: Y:\user_alex_new\dot_net2022\Github\GitExtensions\setup\installer\Product.wxs(97) : information WIX0023: [Converted] Using '*' for the Component Guid attribute is unnecessary. Remove the attribute to remove the redundancy. (AutoGuidUnnecessary)
[10.25.2025 19:35:15.214]: Y:\user_alex_new\dot_net2022\Github\GitExtensions\setup\installer\Product.wxs(98) : information WIX0012: [Converted] The file id is being updated to 'GitExtensions.runtimeconfig.json' to ensure it remains the same as the v3 default (AssignAnonymousFileId)
[10.25.2025 19:35:15.214]: Y:\user_alex_new\dot_net2022\Github\GitExtensions\setup\installer\Product.wxs(100) : information WIX0023: [Converted] Using '*' for the Component Guid attribute is unnecessary. Remove the attribute to remove the redundancy. (AutoGuidUnnecessary)
[10.25.2025 19:35:15.214]: Y:\user_alex_new\dot_net2022\Github\GitExtensions\setup\installer\Product.wxs(101) : information WIX0012: [Converted] The file id is being updated to 'GitExtUtils.dll' to ensure it remains the same as the v3 default (AssignAnonymousFileId)
[10.25.2025 19:35:15.214]: Y:\user_alex_new\dot_net2022\Github\GitExtensions\setup\installer\Product.wxs(103) : information WIX0023: [Converted] Using '*' for the Component Guid attribute is unnecessary. Remove the attribute to remove the redundancy. (AutoGuidUnnecessary)
[10.25.2025 19:35:15.214]: Y:\user_alex_new\dot_net2022\Github\GitExtensions\setup\installer\Product.wxs(104) : information WIX0012: [Converted] The file id is being updated to 'GitUI.dll' to ensure it remains the same as the v3 default (AssignAnonymousFileId)
[10.25.2025 19:35:15.214]: Y:\user_alex_new\dot_net2022\Github\GitExtensions\setup\installer\Product.wxs(106) : information WIX0023: [Converted] Using '*' for the Component Guid attribute is unnecessary. Remove the attribute to remove the redundancy. (AutoGuidUnnecessary)
[10.25.2025 19:35:15.214]: Y:\user_alex_new\dot_net2022\Github\GitExtensions\setup\installer\Product.wxs(107) : information WIX0012: [Converted] The file id is being updated to 'GitUIPluginInterfaces.dll' to ensure it remains the same as the v3 default (AssignAnonymousFileId)
[10.25.2025 19:35:15.214]: Y:\user_alex_new\dot_net2022\Github\GitExtensions\setup\installer\Product.wxs(109) : information WIX0023: [Converted] Using '*' for the Component Guid attribute is unnecessary. Remove the attribute to remove the redundancy. (AutoGuidUnnecessary)
[10.25.2025 19:35:15.214]: Y:\user_alex_new\dot_net2022\Github\GitExtensions\setup\installer\Product.wxs(110) : information WIX0012: [Converted] The file id is being updated to 'ICSharpCode.TextEditor.dll' to ensure it remains the same as the v3 default (AssignAnonymousFileId)
[10.25.2025 19:35:15.214]: Y:\user_alex_new\dot_net2022\Github\GitExtensions\setup\installer\Product.wxs(112) : information WIX0023: [Converted] Using '*' for the Component Guid attribute is unnecessary. Remove the attribute to remove the redundancy. (AutoGuidUnnecessary)
[10.25.2025 19:35:15.214]: Y:\user_alex_new\dot_net2022\Github\GitExtensions\setup\installer\Product.wxs(113) : information WIX0012: [Converted] The file id is being updated to 'Microsoft.AI.DependencyCollector.dll' to ensure it remains the same as the v3 default (AssignAnonymousFileId)
[10.25.2025 19:35:15.214]: Y:\user_alex_new\dot_net2022\Github\GitExtensions\setup\installer\Product.wxs(115) : information WIX0023: [Converted] Using '*' for the Component Guid attribute is unnecessary. Remove the attribute to remove the redundancy. (AutoGuidUnnecessary)
[10.25.2025 19:35:15.214]: Y:\user_alex_new\dot_net2022\Github\GitExtensions\setup\installer\Product.wxs(116) : information WIX0012: [Converted] The file id is being updated to 'Microsoft.ApplicationInsights.dll' to ensure it remains the same as the v3 default (AssignAnonymousFileId)
[10.25.2025 19:35:15.214]: Y:\user_alex_new\dot_net2022\Github\GitExtensions\setup\installer\Product.wxs(118) : information WIX0023: [Converted] Using '*' for the Component Guid attribute is unnecessary. Remove the attribute to remove the redundancy. (AutoGuidUnnecessary)
[10.25.2025 19:35:15.214]: Y:\user_alex_new\dot_net2022\Github\GitExtensions\setup\installer\Product.wxs(119) : information WIX0012: [Converted] The file id is being updated to 'Microsoft.Toolkit.HighPerformance.dll' to ensure it remains the same as the v3 default (AssignAnonymousFileId)
[10.25.2025 19:35:15.214]: Y:\user_alex_new\dot_net2022\Github\GitExtensions\setup\installer\Product.wxs(121) : information WIX0023: [Converted] Using '*' for the Component Guid attribute is unnecessary. Remove the attribute to remove the redundancy. (AutoGuidUnnecessary)
[10.25.2025 19:35:15.214]: Y:\user_alex_new\dot_net2022\Github\GitExtensions\setup\installer\Product.wxs(122) : information WIX0012: [Converted] The file id is being updated to 'Microsoft.VisualStudio.Composition.dll' to ensure it remains the same as the v3 default (AssignAnonymousFileId)
[10.25.2025 19:35:15.214]: Y:\user_alex_new\dot_net2022\Github\GitExtensions\setup\installer\Product.wxs(128) : information WIX0023: [Converted] Using '*' for the Component Guid attribute is unnecessary. Remove the attribute to remove the redundancy. (AutoGuidUnnecessary)
[10.25.2025 19:35:15.214]: Y:\user_alex_new\dot_net2022\Github\GitExtensions\setup\installer\Product.wxs(129) : information WIX0012: [Converted] The file id is being updated to 'Microsoft.VisualStudio.Interop.dll' to ensure it remains the same as the v3 default (AssignAnonymousFileId)
[10.25.2025 19:35:15.214]: Y:\user_alex_new\dot_net2022\Github\GitExtensions\setup\installer\Product.wxs(131) : information WIX0023: [Converted] Using '*' for the Component Guid attribute is unnecessary. Remove the attribute to remove the redundancy. (AutoGuidUnnecessary)
[10.25.2025 19:35:15.214]: Y:\user_alex_new\dot_net2022\Github\GitExtensions\setup\installer\Product.wxs(132) : information WIX0012: [Converted] The file id is being updated to 'Microsoft.VisualStudio.Threading.dll' to ensure it remains the same as the v3 default (AssignAnonymousFileId)
[10.25.2025 19:35:15.214]: Y:\user_alex_new\dot_net2022\Github\GitExtensions\setup\installer\Product.wxs(134) : information WIX0023: [Converted] Using '*' for the Component Guid attribute is unnecessary. Remove the attribute to remove the redundancy. (AutoGuidUnnecessary)
[10.25.2025 19:35:15.214]: Y:\user_alex_new\dot_net2022\Github\GitExtensions\setup\installer\Product.wxs(135) : information WIX0012: [Converted] The file id is being updated to 'Microsoft.VisualStudio.Validation.dll' to ensure it remains the same as the v3 default (AssignAnonymousFileId)
[10.25.2025 19:35:15.214]: Y:\user_alex_new\dot_net2022\Github\GitExtensions\setup\installer\Product.wxs(137) : information WIX0023: [Converted] Using '*' for the Component Guid attribute is unnecessary. Remove the attribute to remove the redundancy. (AutoGuidUnnecessary)
[10.25.2025 19:35:15.214]: Y:\user_alex_new\dot_net2022\Github\GitExtensions\setup\installer\Product.wxs(138) : information WIX0012: [Converted] The file id is being updated to 'Microsoft.WindowsAPICodePack.dll' to ensure it remains the same as the v3 default (AssignAnonymousFileId)
[10.25.2025 19:35:15.214]: Y:\user_alex_new\dot_net2022\Github\GitExtensions\setup\installer\Product.wxs(140) : information WIX0023: [Converted] Using '*' for the Component Guid attribute is unnecessary. Remove the attribute to remove the redundancy. (AutoGuidUnnecessary)
[10.25.2025 19:35:15.214]: Y:\user_alex_new\dot_net2022\Github\GitExtensions\setup\installer\Product.wxs(141) : information WIX0012: [Converted] The file id is being updated to 'Microsoft.WindowsAPICodePack.Shell.dll' to ensure it remains the same as the v3 default (AssignAnonymousFileId)
[10.25.2025 19:35:15.214]: Y:\user_alex_new\dot_net2022\Github\GitExtensions\setup\installer\Product.wxs(143) : information WIX0023: [Converted] Using '*' for the Component Guid attribute is unnecessary. Remove the attribute to remove the redundancy. (AutoGuidUnnecessary)
[10.25.2025 19:35:15.214]: Y:\user_alex_new\dot_net2022\Github\GitExtensions\setup\installer\Product.wxs(144) : information WIX0012: [Converted] The file id is being updated to 'Newtonsoft.Json.dll' to ensure it remains the same as the v3 default (AssignAnonymousFileId)
[10.25.2025 19:35:15.214]: Y:\user_alex_new\dot_net2022\Github\GitExtensions\setup\installer\Product.wxs(146) : information WIX0023: [Converted] Using '*' for the Component Guid attribute is unnecessary. Remove the attribute to remove the redundancy. (AutoGuidUnnecessary)
[10.25.2025 19:35:15.214]: Y:\user_alex_new\dot_net2022\Github\GitExtensions\setup\installer\Product.wxs(147) : information WIX0012: [Converted] The file id is being updated to 'ResourceManager.dll' to ensure it remains the same as the v3 default (AssignAnonymousFileId)
[10.25.2025 19:35:15.214]: Y:\user_alex_new\dot_net2022\Github\GitExtensions\setup\installer\Product.wxs(149) : information WIX0023: [Converted] Using '*' for the Component Guid attribute is unnecessary. Remove the attribute to remove the redundancy. (AutoGuidUnnecessary)
[10.25.2025 19:35:15.214]: Y:\user_alex_new\dot_net2022\Github\GitExtensions\setup\installer\Product.wxs(150) : information WIX0012: [Converted] The file id is being updated to 'RestSharp.dll' to ensure it remains the same as the v3 default (AssignAnonymousFileId)
[10.25.2025 19:35:15.214]: Y:\user_alex_new\dot_net2022\Github\GitExtensions\setup\installer\Product.wxs(152) : information WIX0023: [Converted] Using '*' for the Component Guid attribute is unnecessary. Remove the attribute to remove the redundancy. (AutoGuidUnnecessary)
[10.25.2025 19:35:15.214]: Y:\user_alex_new\dot_net2022\Github\GitExtensions\setup\installer\Product.wxs(153) : information WIX0012: [Converted] The file id is being updated to 'SmartFormat.dll' to ensure it remains the same as the v3 default (AssignAnonymousFileId)
[10.25.2025 19:35:15.214]: Y:\user_alex_new\dot_net2022\Github\GitExtensions\setup\installer\Product.wxs(155) : information WIX0023: [Converted] Using '*' for the Component Guid attribute is unnecessary. Remove the attribute to remove the redundancy. (AutoGuidUnnecessary)
[10.25.2025 19:35:15.214]: Y:\user_alex_new\dot_net2022\Github\GitExtensions\setup\installer\Product.wxs(156) : information WIX0012: [Converted] The file id is being updated to 'SpellChecker.dll' to ensure it remains the same as the v3 default (AssignAnonymousFileId)
[10.25.2025 19:35:15.214]: Y:\user_alex_new\dot_net2022\Github\GitExtensions\setup\installer\Product.wxs(158) : information WIX0023: [Converted] Using '*' for the Component Guid attribute is unnecessary. Remove the attribute to remove the redundancy. (AutoGuidUnnecessary)
[10.25.2025 19:35:15.214]: Y:\user_alex_new\dot_net2022\Github\GitExtensions\setup\installer\Product.wxs(159) : information WIX0012: [Converted] The file id is being updated to 'BenjaminAbt.StrongOf.dll' to ensure it remains the same as the v3 default (AssignAnonymousFileId)
[10.25.2025 19:35:15.214]: Y:\user_alex_new\dot_net2022\Github\GitExtensions\setup\installer\Product.wxs(161) : information WIX0023: [Converted] Using '*' for the Component Guid attribute is unnecessary. Remove the attribute to remove the redundancy. (AutoGuidUnnecessary)
[10.25.2025 19:35:15.214]: Y:\user_alex_new\dot_net2022\Github\GitExtensions\setup\installer\Product.wxs(162) : information WIX0012: [Converted] The file id is being updated to 'System.ComponentModel.Composition.dll' to ensure it remains the same as the v3 default (AssignAnonymousFileId)
[10.25.2025 19:35:15.214]: Y:\user_alex_new\dot_net2022\Github\GitExtensions\setup\installer\Product.wxs(164) : information WIX0023: [Converted] Using '*' for the Component Guid attribute is unnecessary. Remove the attribute to remove the redundancy. (AutoGuidUnnecessary)
[10.25.2025 19:35:15.214]: Y:\user_alex_new\dot_net2022\Github\GitExtensions\setup\installer\Product.wxs(165) : information WIX0012: [Converted] The file id is being updated to 'System.Composition.AttributedModel.dll' to ensure it remains the same as the v3 default (AssignAnonymousFileId)
[10.25.2025 19:35:15.214]: Y:\user_alex_new\dot_net2022\Github\GitExtensions\setup\installer\Product.wxs(167) : information WIX0023: [Converted] Using '*' for the Component Guid attribute is unnecessary. Remove the attribute to remove the redundancy. (AutoGuidUnnecessary)
[10.25.2025 19:35:15.214]: Y:\user_alex_new\dot_net2022\Github\GitExtensions\setup\installer\Product.wxs(168) : information WIX0012: [Converted] The file id is being updated to 'System.Composition.Convention.dll' to ensure it remains the same as the v3 default (AssignAnonymousFileId)
[10.25.2025 19:35:15.214]: Y:\user_alex_new\dot_net2022\Github\GitExtensions\setup\installer\Product.wxs(170) : information WIX0023: [Converted] Using '*' for the Component Guid attribute is unnecessary. Remove the attribute to remove the redundancy. (AutoGuidUnnecessary)
[10.25.2025 19:35:15.214]: Y:\user_alex_new\dot_net2022\Github\GitExtensions\setup\installer\Product.wxs(171) : information WIX0012: [Converted] The file id is being updated to 'System.Composition.Hosting.dll' to ensure it remains the same as the v3 default (AssignAnonymousFileId)
[10.25.2025 19:35:15.214]: Y:\user_alex_new\dot_net2022\Github\GitExtensions\setup\installer\Product.wxs(173) : information WIX0023: [Converted] Using '*' for the Component Guid attribute is unnecessary. Remove the attribute to remove the redundancy. (AutoGuidUnnecessary)
[10.25.2025 19:35:15.214]: Y:\user_alex_new\dot_net2022\Github\GitExtensions\setup\installer\Product.wxs(174) : information WIX0012: [Converted] The file id is being updated to 'System.Composition.Runtime.dll' to ensure it remains the same as the v3 default (AssignAnonymousFileId)
[10.25.2025 19:35:15.214]: Y:\user_alex_new\dot_net2022\Github\GitExtensions\setup\installer\Product.wxs(176) : information WIX0023: [Converted] Using '*' for the Component Guid attribute is unnecessary. Remove the attribute to remove the redundancy. (AutoGuidUnnecessary)
[10.25.2025 19:35:15.214]: Y:\user_alex_new\dot_net2022\Github\GitExtensions\setup\installer\Product.wxs(177) : information WIX0012: [Converted] The file id is being updated to 'System.Composition.TypedParts.dll' to ensure it remains the same as the v3 default (AssignAnonymousFileId)
[10.25.2025 19:35:15.214]: Y:\user_alex_new\dot_net2022\Github\GitExtensions\setup\installer\Product.wxs(179) : information WIX0023: [Converted] Using '*' for the Component Guid attribute is unnecessary. Remove the attribute to remove the redundancy. (AutoGuidUnnecessary)
[10.25.2025 19:35:15.214]: Y:\user_alex_new\dot_net2022\Github\GitExtensions\setup\installer\Product.wxs(180) : information WIX0012: [Converted] The file id is being updated to 'System.IO.Abstractions.dll' to ensure it remains the same as the v3 default (AssignAnonymousFileId)
[10.25.2025 19:35:15.214]: Y:\user_alex_new\dot_net2022\Github\GitExtensions\setup\installer\Product.wxs(182) : information WIX0023: [Converted] Using '*' for the Component Guid attribute is unnecessary. Remove the attribute to remove the redundancy. (AutoGuidUnnecessary)
[10.25.2025 19:35:15.215]: Y:\user_alex_new\dot_net2022\Github\GitExtensions\setup\installer\Product.wxs(183) : information WIX0012: [Converted] The file id is being updated to 'TestableIO.System.IO.Abstractions.dll' to ensure it remains the same as the v3 default (AssignAnonymousFileId)
[10.25.2025 19:35:15.215]: Y:\user_alex_new\dot_net2022\Github\GitExtensions\setup\installer\Product.wxs(185) : information WIX0023: [Converted] Using '*' for the Component Guid attribute is unnecessary. Remove the attribute to remove the redundancy. (AutoGuidUnnecessary)
[10.25.2025 19:35:15.215]: Y:\user_alex_new\dot_net2022\Github\GitExtensions\setup\installer\Product.wxs(186) : information WIX0012: [Converted] The file id is being updated to 'TestableIO.System.IO.Abstractions.Wrappers.dll' to ensure it remains the same as the v3 default (AssignAnonymousFileId)
[10.25.2025 19:35:15.215]: Y:\user_alex_new\dot_net2022\Github\GitExtensions\setup\installer\Product.wxs(188) : information WIX0023: [Converted] Using '*' for the Component Guid attribute is unnecessary. Remove the attribute to remove the redundancy. (AutoGuidUnnecessary)
[10.25.2025 19:35:15.215]: Y:\user_alex_new\dot_net2022\Github\GitExtensions\setup\installer\Product.wxs(189) : information WIX0012: [Converted] The file id is being updated to 'Testably.Abstractions.FileSystem.Interface.dll' to ensure it remains the same as the v3 default (AssignAnonymousFileId)
[10.25.2025 19:35:15.215]: Y:\user_alex_new\dot_net2022\Github\GitExtensions\setup\installer\Product.wxs(191) : information WIX0023: [Converted] Using '*' for the Component Guid attribute is unnecessary. Remove the attribute to remove the redundancy. (AutoGuidUnnecessary)
[10.25.2025 19:35:15.215]: Y:\user_alex_new\dot_net2022\Github\GitExtensions\setup\installer\Product.wxs(192) : information WIX0012: [Converted] The file id is being updated to 'System.Reactive.dll' to ensure it remains the same as the v3 default (AssignAnonymousFileId)
[10.25.2025 19:35:15.215]: Y:\user_alex_new\dot_net2022\Github\GitExtensions\setup\installer\Product.wxs(194) : information WIX0023: [Converted] Using '*' for the Component Guid attribute is unnecessary. Remove the attribute to remove the redundancy. (AutoGuidUnnecessary)
[10.25.2025 19:35:15.215]: Y:\user_alex_new\dot_net2022\Github\GitExtensions\setup\installer\Product.wxs(195) : information WIX0012: [Converted] The file id is being updated to 'System.Reactive.Interfaces.dll' to ensure it remains the same as the v3 default (AssignAnonymousFileId)
[10.25.2025 19:35:15.215]: Y:\user_alex_new\dot_net2022\Github\GitExtensions\setup\installer\Product.wxs(197) : information WIX0023: [Converted] Using '*' for the Component Guid attribute is unnecessary. Remove the attribute to remove the redundancy. (AutoGuidUnnecessary)
[10.25.2025 19:35:15.215]: Y:\user_alex_new\dot_net2022\Github\GitExtensions\setup\installer\Product.wxs(198) : information WIX0012: [Converted] The file id is being updated to 'System.Reactive.Linq.dll' to ensure it remains the same as the v3 default (AssignAnonymousFileId)
[10.25.2025 19:35:15.215]: Y:\user_alex_new\dot_net2022\Github\GitExtensions\setup\installer\Product.wxs(200) : information WIX0023: [Converted] Using '*' for the Component Guid attribute is unnecessary. Remove the attribute to remove the redundancy. (AutoGuidUnnecessary)
[10.25.2025 19:35:15.215]: Y:\user_alex_new\dot_net2022\Github\GitExtensions\setup\installer\Product.wxs(201) : information WIX0012: [Converted] The file id is being updated to 'ZString.dll' to ensure it remains the same as the v3 default (AssignAnonymousFileId)
[10.25.2025 19:35:15.215]: Y:\user_alex_new\dot_net2022\Github\GitExtensions\setup\installer\Product.wxs(205) : information WIX0023: [Converted] Using '*' for the Component Guid attribute is unnecessary. Remove the attribute to remove the redundancy. (AutoGuidUnnecessary)
[10.25.2025 19:35:15.215]: Y:\user_alex_new\dot_net2022\Github\GitExtensions\setup\installer\Product.wxs(206) : information WIX0012: [Converted] The file id is being updated to 'GitExtensionsShellEx32.dll' to ensure it remains the same as the v3 default (AssignAnonymousFileId)
[10.25.2025 19:35:15.215]: Y:\user_alex_new\dot_net2022\Github\GitExtensions\setup\installer\Product.wxs(211) : information WIX0023: [Converted] Using '*' for the Component Guid attribute is unnecessary. Remove the attribute to remove the redundancy. (AutoGuidUnnecessary)
[10.25.2025 19:35:15.215]: Y:\user_alex_new\dot_net2022\Github\GitExtensions\setup\installer\Product.wxs(211) : information WIX0022: [Converted] Using Condition element text is deprecated. Use the 'Condition' attribute instead. (InnerTextDeprecated)
[10.25.2025 19:35:15.215]: Y:\user_alex_new\dot_net2022\Github\GitExtensions\setup\installer\Product.wxs(211) : information WIX0042: [Converted] The Component element's Win64 attribute has been renamed. Use the Bitness attribute instead. (Win64AttributeRenamed)
[10.25.2025 19:35:15.215]: Y:\user_alex_new\dot_net2022\Github\GitExtensions\setup\installer\Product.wxs(213) : information WIX0012: [Converted] The file id is being updated to 'GitExtensionsShellEx64.dll' to ensure it remains the same as the v3 default (AssignAnonymousFileId)
[10.25.2025 19:35:15.215]: Y:\user_alex_new\dot_net2022\Github\GitExtensions\setup\installer\Product.wxs(219) : information WIX0023: [Converted] Using '*' for the Component Guid attribute is unnecessary. Remove the attribute to remove the redundancy. (AutoGuidUnnecessary)
[10.25.2025 19:35:15.215]: Y:\user_alex_new\dot_net2022\Github\GitExtensions\setup\installer\Product.wxs(220) : information WIX0012: [Converted] The file id is being updated to 'GitExtSshAskPass.exe' to ensure it remains the same as the v3 default (AssignAnonymousFileId)
[10.25.2025 19:35:15.215]: Y:\user_alex_new\dot_net2022\Github\GitExtensions\setup\installer\Product.wxs(222) : information WIX0023: [Converted] Using '*' for the Component Guid attribute is unnecessary. Remove the attribute to remove the redundancy. (AutoGuidUnnecessary)
[10.25.2025 19:35:15.215]: Y:\user_alex_new\dot_net2022\Github\GitExtensions\setup\installer\Product.wxs(225) : information WIX0023: [Converted] Using '*' for the Component Guid attribute is unnecessary. Remove the attribute to remove the redundancy. (AutoGuidUnnecessary)
[10.25.2025 19:35:15.215]: Y:\user_alex_new\dot_net2022\Github\GitExtensions\setup\installer\Product.wxs(228) : information WIX0023: [Converted] Using '*' for the Component Guid attribute is unnecessary. Remove the attribute to remove the redundancy. (AutoGuidUnnecessary)
[10.25.2025 19:35:15.215]: Y:\user_alex_new\dot_net2022\Github\GitExtensions\setup\installer\Product.wxs(242) : information WIX0023: [Converted] Using '*' for the Component Guid attribute is unnecessary. Remove the attribute to remove the redundancy. (AutoGuidUnnecessary)
[10.25.2025 19:35:15.215]: Y:\user_alex_new\dot_net2022\Github\GitExtensions\setup\installer\Product.wxs(256) : information WIX0023: [Converted] Using '*' for the Component Guid attribute is unnecessary. Remove the attribute to remove the redundancy. (AutoGuidUnnecessary)
[10.25.2025 19:35:15.215]: Y:\user_alex_new\dot_net2022\Github\GitExtensions\setup\installer\Product.wxs(272) : information WIX0023: [Converted] Using '*' for the Component Guid attribute is unnecessary. Remove the attribute to remove the redundancy. (AutoGuidUnnecessary)
[10.25.2025 19:35:15.215]: Y:\user_alex_new\dot_net2022\Github\GitExtensions\setup\installer\Product.wxs(273) : information WIX0012: [Converted] The file id is being updated to 'README.md' to ensure it remains the same as the v3 default (AssignAnonymousFileId)
[10.25.2025 19:35:15.215]: Y:\user_alex_new\dot_net2022\Github\GitExtensions\setup\installer\Product.wxs(275) : information WIX0023: [Converted] Using '*' for the Component Guid attribute is unnecessary. Remove the attribute to remove the redundancy. (AutoGuidUnnecessary)
[10.25.2025 19:35:15.215]: Y:\user_alex_new\dot_net2022\Github\GitExtensions\setup\installer\Product.wxs(276) : information WIX0012: [Converted] The file id is being updated to 'invariant.css' to ensure it remains the same as the v3 default (AssignAnonymousFileId)
[10.25.2025 19:35:15.215]: Y:\user_alex_new\dot_net2022\Github\GitExtensions\setup\installer\Product.wxs(278) : information WIX0023: [Converted] Using '*' for the Component Guid attribute is unnecessary. Remove the attribute to remove the redundancy. (AutoGuidUnnecessary)
[10.25.2025 19:35:15.215]: Y:\user_alex_new\dot_net2022\Github\GitExtensions\setup\installer\Product.wxs(279) : information WIX0012: [Converted] The file id is being updated to 'light+.css' to ensure it remains the same as the v3 default (AssignAnonymousFileId)
[10.25.2025 19:35:15.215]: Y:\user_alex_new\dot_net2022\Github\GitExtensions\setup\installer\Product.wxs(281) : information WIX0023: [Converted] Using '*' for the Component Guid attribute is unnecessary. Remove the attribute to remove the redundancy. (AutoGuidUnnecessary)
[10.25.2025 19:35:15.215]: Y:\user_alex_new\dot_net2022\Github\GitExtensions\setup\installer\Product.wxs(282) : information WIX0012: [Converted] The file id is being updated to 'dark.css' to ensure it remains the same as the v3 default (AssignAnonymousFileId)
[10.25.2025 19:35:15.215]: Y:\user_alex_new\dot_net2022\Github\GitExtensions\setup\installer\Product.wxs(284) : information WIX0023: [Converted] Using '*' for the Component Guid attribute is unnecessary. Remove the attribute to remove the redundancy. (AutoGuidUnnecessary)
[10.25.2025 19:35:15.215]: Y:\user_alex_new\dot_net2022\Github\GitExtensions\setup\installer\Product.wxs(285) : information WIX0012: [Converted] The file id is being updated to 'dark+.css' to ensure it remains the same as the v3 default (AssignAnonymousFileId)
[10.25.2025 19:35:15.215]: Y:\user_alex_new\dot_net2022\Github\GitExtensions\setup\installer\Product.wxs(289) : information WIX0023: [Converted] Using '*' for the Component Guid attribute is unnecessary. Remove the attribute to remove the redundancy. (AutoGuidUnnecessary)
[10.25.2025 19:35:15.215]: Y:\user_alex_new\dot_net2022\Github\GitExtensions\setup\installer\Product.wxs(290) : information WIX0012: [Converted] The file id is being updated to 'GitExtensions.Plugins.DeleteUnusedBranches.dll' to ensure it remains the same as the v3 default (AssignAnonymousFileId)
[10.25.2025 19:35:15.215]: Y:\user_alex_new\dot_net2022\Github\GitExtensions\setup\installer\Product.wxs(292) : information WIX0023: [Converted] Using '*' for the Component Guid attribute is unnecessary. Remove the attribute to remove the redundancy. (AutoGuidUnnecessary)
[10.25.2025 19:35:15.215]: Y:\user_alex_new\dot_net2022\Github\GitExtensions\setup\installer\Product.wxs(293) : information WIX0012: [Converted] The file id is being updated to 'GitExtensions.Plugins.AutoCompileSubmodules.dll' to ensure it remains the same as the v3 default (AssignAnonymousFileId)
[10.25.2025 19:35:15.215]: Y:\user_alex_new\dot_net2022\Github\GitExtensions\setup\installer\Product.wxs(295) : information WIX0023: [Converted] Using '*' for the Component Guid attribute is unnecessary. Remove the attribute to remove the redundancy. (AutoGuidUnnecessary)
[10.25.2025 19:35:15.215]: Y:\user_alex_new\dot_net2022\Github\GitExtensions\setup\installer\Product.wxs(296) : information WIX0012: [Converted] The file id is being updated to 'GitExtensions.Plugins.BackgroundFetch.dll' to ensure it remains the same as the v3 default (AssignAnonymousFileId)
[10.25.2025 19:35:15.215]: Y:\user_alex_new\dot_net2022\Github\GitExtensions\setup\installer\Product.wxs(298) : information WIX0023: [Converted] Using '*' for the Component Guid attribute is unnecessary. Remove the attribute to remove the redundancy. (AutoGuidUnnecessary)
[10.25.2025 19:35:15.215]: Y:\user_alex_new\dot_net2022\Github\GitExtensions\setup\installer\Product.wxs(299) : information WIX0012: [Converted] The file id is being updated to 'GitExtensions.Plugins.CreateLocalBranches.dll' to ensure it remains the same as the v3 default (AssignAnonymousFileId)
[10.25.2025 19:35:15.215]: Y:\user_alex_new\dot_net2022\Github\GitExtensions\setup\installer\Product.wxs(301) : information WIX0023: [Converted] Using '*' for the Component Guid attribute is unnecessary. Remove the attribute to remove the redundancy. (AutoGuidUnnecessary)
[10.25.2025 19:35:15.215]: Y:\user_alex_new\dot_net2022\Github\GitExtensions\setup\installer\Product.wxs(302) : information WIX0012: [Converted] The file id is being updated to 'GitExtensions.Plugins.GitStatistics.dll' to ensure it remains the same as the v3 default (AssignAnonymousFileId)
[10.25.2025 19:35:15.215]: Y:\user_alex_new\dot_net2022\Github\GitExtensions\setup\installer\Product.wxs(304) : information WIX0023: [Converted] Using '*' for the Component Guid attribute is unnecessary. Remove the attribute to remove the redundancy. (AutoGuidUnnecessary)
[10.25.2025 19:35:15.215]: Y:\user_alex_new\dot_net2022\Github\GitExtensions\setup\installer\Product.wxs(305) : information WIX0012: [Converted] The file id is being updated to 'GitExtensions.Plugins.GitImpact.dll' to ensure it remains the same as the v3 default (AssignAnonymousFileId)
[10.25.2025 19:35:15.215]: Y:\user_alex_new\dot_net2022\Github\GitExtensions\setup\installer\Product.wxs(308) : information WIX0012: [Converted] The file id is being updated to 'GitExtensions.Plugins.Gource.dll' to ensure it remains the same as the v3 default (AssignAnonymousFileId)
[10.25.2025 19:35:15.215]: Y:\user_alex_new\dot_net2022\Github\GitExtensions\setup\installer\Product.wxs(309) : information WIX0012: [Converted] The file id is being updated to 'ICSharpCode.SharpZipLib.dll' to ensure it remains the same as the v3 default (AssignAnonymousFileId)
[10.25.2025 19:35:15.215]: Y:\user_alex_new\dot_net2022\Github\GitExtensions\setup\installer\Product.wxs(311) : information WIX0023: [Converted] Using '*' for the Component Guid attribute is unnecessary. Remove the attribute to remove the redundancy. (AutoGuidUnnecessary)
[10.25.2025 19:35:15.215]: Y:\user_alex_new\dot_net2022\Github\GitExtensions\setup\installer\Product.wxs(312) : information WIX0012: [Converted] The file id is being updated to 'GitExtensions.Plugins.GitHub3.dll' to ensure it remains the same as the v3 default (AssignAnonymousFileId)
[10.25.2025 19:35:15.215]: Y:\user_alex_new\dot_net2022\Github\GitExtensions\setup\installer\Product.wxs(314) : information WIX0023: [Converted] Using '*' for the Component Guid attribute is unnecessary. Remove the attribute to remove the redundancy. (AutoGuidUnnecessary)
[10.25.2025 19:35:15.215]: Y:\user_alex_new\dot_net2022\Github\GitExtensions\setup\installer\Product.wxs(315) : information WIX0012: [Converted] The file id is being updated to 'GitExtensions.Plugins.GitFlow.dll' to ensure it remains the same as the v3 default (AssignAnonymousFileId)
[10.25.2025 19:35:15.215]: Y:\user_alex_new\dot_net2022\Github\GitExtensions\setup\installer\Product.wxs(317) : information WIX0023: [Converted] Using '*' for the Component Guid attribute is unnecessary. Remove the attribute to remove the redundancy. (AutoGuidUnnecessary)
[10.25.2025 19:35:15.215]: Y:\user_alex_new\dot_net2022\Github\GitExtensions\setup\installer\Product.wxs(318) : information WIX0012: [Converted] The file id is being updated to 'GitExtensions.Plugins.ReleaseNotesGenerator.dll' to ensure it remains the same as the v3 default (AssignAnonymousFileId)
[10.25.2025 19:35:15.215]: Y:\user_alex_new\dot_net2022\Github\GitExtensions\setup\installer\Product.wxs(320) : information WIX0023: [Converted] Using '*' for the Component Guid attribute is unnecessary. Remove the attribute to remove the redundancy. (AutoGuidUnnecessary)
[10.25.2025 19:35:15.215]: Y:\user_alex_new\dot_net2022\Github\GitExtensions\setup\installer\Product.wxs(321) : information WIX0012: [Converted] The file id is being updated to 'GitExtensions.Plugins.JiraCommitHintPlugin.dll' to ensure it remains the same as the v3 default (AssignAnonymousFileId)
[10.25.2025 19:35:15.215]: Y:\user_alex_new\dot_net2022\Github\GitExtensions\setup\installer\Product.wxs(323) : information WIX0023: [Converted] Using '*' for the Component Guid attribute is unnecessary. Remove the attribute to remove the redundancy. (AutoGuidUnnecessary)
[10.25.2025 19:35:15.215]: Y:\user_alex_new\dot_net2022\Github\GitExtensions\setup\installer\Product.wxs(324) : information WIX0012: [Converted] The file id is being updated to 'Atlassian.Jira.dll' to ensure it remains the same as the v3 default (AssignAnonymousFileId)
[10.25.2025 19:35:15.215]: Y:\user_alex_new\dot_net2022\Github\GitExtensions\setup\installer\Product.wxs(326) : information WIX0023: [Converted] Using '*' for the Component Guid attribute is unnecessary. Remove the attribute to remove the redundancy. (AutoGuidUnnecessary)
[10.25.2025 19:35:15.215]: Y:\user_alex_new\dot_net2022\Github\GitExtensions\setup\installer\Product.wxs(327) : information WIX0012: [Converted] The file id is being updated to 'NString.dll' to ensure it remains the same as the v3 default (AssignAnonymousFileId)
[10.25.2025 19:35:15.215]: Y:\user_alex_new\dot_net2022\Github\GitExtensions\setup\installer\Product.wxs(329) : information WIX0023: [Converted] Using '*' for the Component Guid attribute is unnecessary. Remove the attribute to remove the redundancy. (AutoGuidUnnecessary)
[10.25.2025 19:35:15.215]: Y:\user_alex_new\dot_net2022\Github\GitExtensions\setup\installer\Product.wxs(330) : information WIX0012: [Converted] The file id is being updated to 'GitExtensions.Plugins.FindLargeFiles.dll' to ensure it remains the same as the v3 default (AssignAnonymousFileId)
[10.25.2025 19:35:15.215]: Y:\user_alex_new\dot_net2022\Github\GitExtensions\setup\installer\Product.wxs(332) : information WIX0023: [Converted] Using '*' for the Component Guid attribute is unnecessary. Remove the attribute to remove the redundancy. (AutoGuidUnnecessary)
[10.25.2025 19:35:15.215]: Y:\user_alex_new\dot_net2022\Github\GitExtensions\setup\installer\Product.wxs(333) : information WIX0012: [Converted] The file id is being updated to 'GitExtensions.Plugins.ProxySwitcher.dll' to ensure it remains the same as the v3 default (AssignAnonymousFileId)
[10.25.2025 19:35:15.215]: Y:\user_alex_new\dot_net2022\Github\GitExtensions\setup\installer\Product.wxs(335) : information WIX0023: [Converted] Using '*' for the Component Guid attribute is unnecessary. Remove the attribute to remove the redundancy. (AutoGuidUnnecessary)
[10.25.2025 19:35:15.215]: Y:\user_alex_new\dot_net2022\Github\GitExtensions\setup\installer\Product.wxs(336) : information WIX0012: [Converted] The file id is being updated to 'GitExtensions.Plugins.Bitbucket.dll' to ensure it remains the same as the v3 default (AssignAnonymousFileId)
[10.25.2025 19:35:15.215]: Y:\user_alex_new\dot_net2022\Github\GitExtensions\setup\installer\Product.wxs(338) : information WIX0023: [Converted] Using '*' for the Component Guid attribute is unnecessary. Remove the attribute to remove the redundancy. (AutoGuidUnnecessary)
[10.25.2025 19:35:15.215]: Y:\user_alex_new\dot_net2022\Github\GitExtensions\setup\installer\Product.wxs(339) : information WIX0012: [Converted] The file id is being updated to 'GitExtensions.Plugins.TeamCityIntegration.dll' to ensure it remains the same as the v3 default (AssignAnonymousFileId)
[10.25.2025 19:35:15.215]: Y:\user_alex_new\dot_net2022\Github\GitExtensions\setup\installer\Product.wxs(341) : information WIX0023: [Converted] Using '*' for the Component Guid attribute is unnecessary. Remove the attribute to remove the redundancy. (AutoGuidUnnecessary)
[10.25.2025 19:35:15.215]: Y:\user_alex_new\dot_net2022\Github\GitExtensions\setup\installer\Product.wxs(342) : information WIX0012: [Converted] The file id is being updated to 'GitExtensions.Plugins.AppVeyorIntegration.dll' to ensure it remains the same as the v3 default (AssignAnonymousFileId)
[10.25.2025 19:35:15.215]: Y:\user_alex_new\dot_net2022\Github\GitExtensions\setup\installer\Product.wxs(344) : information WIX0023: [Converted] Using '*' for the Component Guid attribute is unnecessary. Remove the attribute to remove the redundancy. (AutoGuidUnnecessary)
[10.25.2025 19:35:15.215]: Y:\user_alex_new\dot_net2022\Github\GitExtensions\setup\installer\Product.wxs(345) : information WIX0012: [Converted] The file id is being updated to 'GitExtensions.Plugins.JenkinsIntegration.dll' to ensure it remains the same as the v3 default (AssignAnonymousFileId)
[10.25.2025 19:35:15.215]: Y:\user_alex_new\dot_net2022\Github\GitExtensions\setup\installer\Product.wxs(347) : information WIX0023: [Converted] Using '*' for the Component Guid attribute is unnecessary. Remove the attribute to remove the redundancy. (AutoGuidUnnecessary)
[10.25.2025 19:35:15.215]: Y:\user_alex_new\dot_net2022\Github\GitExtensions\setup\installer\Product.wxs(348) : information WIX0012: [Converted] The file id is being updated to 'GitExtensions.Plugins.AzureDevOpsIntegration.dll' to ensure it remains the same as the v3 default (AssignAnonymousFileId)
[10.25.2025 19:35:15.215]: Y:\user_alex_new\dot_net2022\Github\GitExtensions\setup\installer\Product.wxs(350) : information WIX0023: [Converted] Using '*' for the Component Guid attribute is unnecessary. Remove the attribute to remove the redundancy. (AutoGuidUnnecessary)
[10.25.2025 19:35:15.215]: Y:\user_alex_new\dot_net2022\Github\GitExtensions\setup\installer\Product.wxs(351) : information WIX0012: [Converted] The file id is being updated to 'GitExtensions.Plugins.GitlabIntegration.dll' to ensure it remains the same as the v3 default (AssignAnonymousFileId)
[10.25.2025 19:35:15.215]: Y:\user_alex_new\dot_net2022\Github\GitExtensions\setup\installer\Product.wxs(355) : information WIX0023: [Converted] Using '*' for the Component Guid attribute is unnecessary. Remove the attribute to remove the redundancy. (AutoGuidUnnecessary)
[10.25.2025 19:35:15.215]: Y:\user_alex_new\dot_net2022\Github\GitExtensions\setup\installer\Product.wxs(356) : information WIX0012: [Converted] The file id is being updated to 'GitExtensions.PluginManager.dll' to ensure it remains the same as the v3 default (AssignAnonymousFileId)
[10.25.2025 19:35:15.215]: Y:\user_alex_new\dot_net2022\Github\GitExtensions\setup\installer\Product.wxs(360) : information WIX0023: [Converted] Using '*' for the Component Guid attribute is unnecessary. Remove the attribute to remove the redundancy. (AutoGuidUnnecessary)
[10.25.2025 19:35:15.215]: Y:\user_alex_new\dot_net2022\Github\GitExtensions\setup\installer\Product.wxs(361) : information WIX0012: [Converted] The file id is being updated to 'PackageManager.UI.exe' to ensure it remains the same as the v3 default (AssignAnonymousFileId)
[10.25.2025 19:35:15.215]: Y:\user_alex_new\dot_net2022\Github\GitExtensions\setup\installer\Product.wxs(363) : information WIX0023: [Converted] Using '*' for the Component Guid attribute is unnecessary. Remove the attribute to remove the redundancy. (AutoGuidUnnecessary)
[10.25.2025 19:35:15.215]: Y:\user_alex_new\dot_net2022\Github\GitExtensions\setup\installer\Product.wxs(364) : information WIX0012: [Converted] The file id is being updated to 'PackageManager.UI.runtimeconfig.json' to ensure it remains the same as the v3 default (AssignAnonymousFileId)
[10.25.2025 19:35:15.215]: Y:\user_alex_new\dot_net2022\Github\GitExtensions\setup\installer\Product.wxs(368) : information WIX0023: [Converted] Using '*' for the Component Guid attribute is unnecessary. Remove the attribute to remove the redundancy. (AutoGuidUnnecessary)
[10.25.2025 19:35:15.215]: Y:\user_alex_new\dot_net2022\Github\GitExtensions\setup\installer\Product.wxs(369) : information WIX0012: [Converted] The file id is being updated to 'merge-doc.js' to ensure it remains the same as the v3 default (AssignAnonymousFileId)
[10.25.2025 19:35:15.215]: Y:\user_alex_new\dot_net2022\Github\GitExtensions\setup\installer\Product.wxs(371) : information WIX0023: [Converted] Using '*' for the Component Guid attribute is unnecessary. Remove the attribute to remove the redundancy. (AutoGuidUnnecessary)
[10.25.2025 19:35:15.215]: Y:\user_alex_new\dot_net2022\Github\GitExtensions\setup\installer\Product.wxs(372) : information WIX0012: [Converted] The file id is being updated to 'merge-ods.vbs' to ensure it remains the same as the v3 default (AssignAnonymousFileId)
[10.25.2025 19:35:15.215]: Y:\user_alex_new\dot_net2022\Github\GitExtensions\setup\installer\Product.wxs(374) : information WIX0023: [Converted] Using '*' for the Component Guid attribute is unnecessary. Remove the attribute to remove the redundancy. (AutoGuidUnnecessary)
[10.25.2025 19:35:15.215]: Y:\user_alex_new\dot_net2022\Github\GitExtensions\setup\installer\Product.wxs(375) : information WIX0012: [Converted] The file id is being updated to 'TortoiseSVN License.txt' to ensure it remains the same as the v3 default (AssignAnonymousFileId)
[10.25.2025 19:35:15.215]: Y:\user_alex_new\dot_net2022\Github\GitExtensions\setup\installer\Product.wxs(379) : information WIX0023: [Converted] Using '*' for the Component Guid attribute is unnecessary. Remove the attribute to remove the redundancy. (AutoGuidUnnecessary)
[10.25.2025 19:35:15.215]: Y:\user_alex_new\dot_net2022\Github\GitExtensions\setup\installer\Product.wxs(380) : information WIX0012: [Converted] The file id is being updated to 'de-DE.dic' to ensure it remains the same as the v3 default (AssignAnonymousFileId)
[10.25.2025 19:35:15.215]: Y:\user_alex_new\dot_net2022\Github\GitExtensions\setup\installer\Product.wxs(382) : information WIX0023: [Converted] Using '*' for the Component Guid attribute is unnecessary. Remove the attribute to remove the redundancy. (AutoGuidUnnecessary)
[10.25.2025 19:35:15.215]: Y:\user_alex_new\dot_net2022\Github\GitExtensions\setup\installer\Product.wxs(383) : information WIX0012: [Converted] The file id is being updated to 'en-AU.dic' to ensure it remains the same as the v3 default (AssignAnonymousFileId)
[10.25.2025 19:35:15.215]: Y:\user_alex_new\dot_net2022\Github\GitExtensions\setup\installer\Product.wxs(385) : information WIX0023: [Converted] Using '*' for the Component Guid attribute is unnecessary. Remove the attribute to remove the redundancy. (AutoGuidUnnecessary)
[10.25.2025 19:35:15.215]: Y:\user_alex_new\dot_net2022\Github\GitExtensions\setup\installer\Product.wxs(386) : information WIX0012: [Converted] The file id is being updated to 'en-CA.dic' to ensure it remains the same as the v3 default (AssignAnonymousFileId)
[10.25.2025 19:35:15.215]: Y:\user_alex_new\dot_net2022\Github\GitExtensions\setup\installer\Product.wxs(388) : information WIX0023: [Converted] Using '*' for the Component Guid attribute is unnecessary. Remove the attribute to remove the redundancy. (AutoGuidUnnecessary)
[10.25.2025 19:35:15.215]: Y:\user_alex_new\dot_net2022\Github\GitExtensions\setup\installer\Product.wxs(389) : information WIX0012: [Converted] The file id is being updated to 'en-GB.dic' to ensure it remains the same as the v3 default (AssignAnonymousFileId)
[10.25.2025 19:35:15.215]: Y:\user_alex_new\dot_net2022\Github\GitExtensions\setup\installer\Product.wxs(391) : information WIX0023: [Converted] Using '*' for the Component Guid attribute is unnecessary. Remove the attribute to remove the redundancy. (AutoGuidUnnecessary)
[10.25.2025 19:35:15.215]: Y:\user_alex_new\dot_net2022\Github\GitExtensions\setup\installer\Product.wxs(392) : information WIX0012: [Converted] The file id is being updated to 'en-US.dic' to ensure it remains the same as the v3 default (AssignAnonymousFileId)
[10.25.2025 19:35:15.215]: Y:\user_alex_new\dot_net2022\Github\GitExtensions\setup\installer\Product.wxs(394) : information WIX0023: [Converted] Using '*' for the Component Guid attribute is unnecessary. Remove the attribute to remove the redundancy. (AutoGuidUnnecessary)
[10.25.2025 19:35:15.215]: Y:\user_alex_new\dot_net2022\Github\GitExtensions\setup\installer\Product.wxs(395) : information WIX0012: [Converted] The file id is being updated to 'es-ES.dic' to ensure it remains the same as the v3 default (AssignAnonymousFileId)
[10.25.2025 19:35:15.215]: Y:\user_alex_new\dot_net2022\Github\GitExtensions\setup\installer\Product.wxs(397) : information WIX0023: [Converted] Using '*' for the Component Guid attribute is unnecessary. Remove the attribute to remove the redundancy. (AutoGuidUnnecessary)
[10.25.2025 19:35:15.215]: Y:\user_alex_new\dot_net2022\Github\GitExtensions\setup\installer\Product.wxs(398) : information WIX0012: [Converted] The file id is being updated to 'es-MX.dic' to ensure it remains the same as the v3 default (AssignAnonymousFileId)
[10.25.2025 19:35:15.215]: Y:\user_alex_new\dot_net2022\Github\GitExtensions\setup\installer\Product.wxs(400) : information WIX0023: [Converted] Using '*' for the Component Guid attribute is unnecessary. Remove the attribute to remove the redundancy. (AutoGuidUnnecessary)
[10.25.2025 19:35:15.215]: Y:\user_alex_new\dot_net2022\Github\GitExtensions\setup\installer\Product.wxs(401) : information WIX0012: [Converted] The file id is being updated to 'fr-FR.dic' to ensure it remains the same as the v3 default (AssignAnonymousFileId)
[10.25.2025 19:35:15.215]: Y:\user_alex_new\dot_net2022\Github\GitExtensions\setup\installer\Product.wxs(403) : information WIX0023: [Converted] Using '*' for the Component Guid attribute is unnecessary. Remove the attribute to remove the redundancy. (AutoGuidUnnecessary)
[10.25.2025 19:35:15.215]: Y:\user_alex_new\dot_net2022\Github\GitExtensions\setup\installer\Product.wxs(404) : information WIX0012: [Converted] The file id is being updated to 'it-IT.dic' to ensure it remains the same as the v3 default (AssignAnonymousFileId)
[10.25.2025 19:35:15.215]: Y:\user_alex_new\dot_net2022\Github\GitExtensions\setup\installer\Product.wxs(406) : information WIX0023: [Converted] Using '*' for the Component Guid attribute is unnecessary. Remove the attribute to remove the redundancy. (AutoGuidUnnecessary)
[10.25.2025 19:35:15.215]: Y:\user_alex_new\dot_net2022\Github\GitExtensions\setup\installer\Product.wxs(407) : information WIX0012: [Converted] The file id is being updated to 'nl-NL.dic' to ensure it remains the same as the v3 default (AssignAnonymousFileId)
[10.25.2025 19:35:15.215]: Y:\user_alex_new\dot_net2022\Github\GitExtensions\setup\installer\Product.wxs(409) : information WIX0023: [Converted] Using '*' for the Component Guid attribute is unnecessary. Remove the attribute to remove the redundancy. (AutoGuidUnnecessary)
[10.25.2025 19:35:15.215]: Y:\user_alex_new\dot_net2022\Github\GitExtensions\setup\installer\Product.wxs(410) : information WIX0012: [Converted] The file id is being updated to 'ro-RO.dic' to ensure it remains the same as the v3 default (AssignAnonymousFileId)
[10.25.2025 19:35:15.215]: Y:\user_alex_new\dot_net2022\Github\GitExtensions\setup\installer\Product.wxs(412) : information WIX0023: [Converted] Using '*' for the Component Guid attribute is unnecessary. Remove the attribute to remove the redundancy. (AutoGuidUnnecessary)
[10.25.2025 19:35:15.215]: Y:\user_alex_new\dot_net2022\Github\GitExtensions\setup\installer\Product.wxs(413) : information WIX0012: [Converted] The file id is being updated to 'ru-RU.dic' to ensure it remains the same as the v3 default (AssignAnonymousFileId)
[10.25.2025 19:35:15.215]: Y:\user_alex_new\dot_net2022\Github\GitExtensions\setup\installer\Product.wxs(415) : information WIX0023: [Converted] Using '*' for the Component Guid attribute is unnecessary. Remove the attribute to remove the redundancy. (AutoGuidUnnecessary)
[10.25.2025 19:35:15.215]: Y:\user_alex_new\dot_net2022\Github\GitExtensions\setup\installer\Product.wxs(416) : information WIX0012: [Converted] The file id is being updated to 'pl-PL.dic' to ensure it remains the same as the v3 default (AssignAnonymousFileId)
[10.25.2025 19:35:15.216]: Y:\user_alex_new\dot_net2022\Github\GitExtensions\setup\installer\Product.wxs(420) : information WIX0023: [Converted] Using '*' for the Component Guid attribute is unnecessary. Remove the attribute to remove the redundancy. (AutoGuidUnnecessary)
[10.25.2025 19:35:15.216]: Y:\user_alex_new\dot_net2022\Github\GitExtensions\setup\installer\Product.wxs(421) : information WIX0012: [Converted] The file id is being updated to 'English.gif' to ensure it remains the same as the v3 default (AssignAnonymousFileId)
[10.25.2025 19:35:15.216]: Y:\user_alex_new\dot_net2022\Github\GitExtensions\setup\installer\Product.wxs(423) : information WIX0023: [Converted] Using '*' for the Component Guid attribute is unnecessary. Remove the attribute to remove the redundancy. (AutoGuidUnnecessary)
[10.25.2025 19:35:15.216]: Y:\user_alex_new\dot_net2022\Github\GitExtensions\setup\installer\Product.wxs(424) : information WIX0012: [Converted] The file id is being updated to 'English.xlf' to ensure it remains the same as the v3 default (AssignAnonymousFileId)
[10.25.2025 19:35:15.216]: Y:\user_alex_new\dot_net2022\Github\GitExtensions\setup\installer\Product.wxs(426) : information WIX0023: [Converted] Using '*' for the Component Guid attribute is unnecessary. Remove the attribute to remove the redundancy. (AutoGuidUnnecessary)
[10.25.2025 19:35:15.216]: Y:\user_alex_new\dot_net2022\Github\GitExtensions\setup\installer\Product.wxs(427) : information WIX0012: [Converted] The file id is being updated to 'English.Plugins.xlf' to ensure it remains the same as the v3 default (AssignAnonymousFileId)
[10.25.2025 19:35:15.216]: Y:\user_alex_new\dot_net2022\Github\GitExtensions\setup\installer\Product.wxs(429) : information WIX0023: [Converted] Using '*' for the Component Guid attribute is unnecessary. Remove the attribute to remove the redundancy. (AutoGuidUnnecessary)
[10.25.2025 19:35:15.216]: Y:\user_alex_new\dot_net2022\Github\GitExtensions\setup\installer\Product.wxs(430) : information WIX0012: [Converted] The file id is being updated to 'French.gif' to ensure it remains the same as the v3 default (AssignAnonymousFileId)
[10.25.2025 19:35:15.216]: Y:\user_alex_new\dot_net2022\Github\GitExtensions\setup\installer\Product.wxs(432) : information WIX0023: [Converted] Using '*' for the Component Guid attribute is unnecessary. Remove the attribute to remove the redundancy. (AutoGuidUnnecessary)
[10.25.2025 19:35:15.216]: Y:\user_alex_new\dot_net2022\Github\GitExtensions\setup\installer\Product.wxs(433) : information WIX0012: [Converted] The file id is being updated to 'French.xlf' to ensure it remains the same as the v3 default (AssignAnonymousFileId)
[10.25.2025 19:35:15.216]: Y:\user_alex_new\dot_net2022\Github\GitExtensions\setup\installer\Product.wxs(435) : information WIX0023: [Converted] Using '*' for the Component Guid attribute is unnecessary. Remove the attribute to remove the redundancy. (AutoGuidUnnecessary)
[10.25.2025 19:35:15.216]: Y:\user_alex_new\dot_net2022\Github\GitExtensions\setup\installer\Product.wxs(436) : information WIX0012: [Converted] The file id is being updated to 'French.Plugins.xlf' to ensure it remains the same as the v3 default (AssignAnonymousFileId)
[10.25.2025 19:35:15.216]: Y:\user_alex_new\dot_net2022\Github\GitExtensions\setup\installer\Product.wxs(438) : information WIX0023: [Converted] Using '*' for the Component Guid attribute is unnecessary. Remove the attribute to remove the redundancy. (AutoGuidUnnecessary)
[10.25.2025 19:35:15.216]: Y:\user_alex_new\dot_net2022\Github\GitExtensions\setup\installer\Product.wxs(439) : information WIX0012: [Converted] The file id is being updated to 'German.gif' to ensure it remains the same as the v3 default (AssignAnonymousFileId)
[10.25.2025 19:35:15.216]: Y:\user_alex_new\dot_net2022\Github\GitExtensions\setup\installer\Product.wxs(441) : information WIX0023: [Converted] Using '*' for the Component Guid attribute is unnecessary. Remove the attribute to remove the redundancy. (AutoGuidUnnecessary)
[10.25.2025 19:35:15.216]: Y:\user_alex_new\dot_net2022\Github\GitExtensions\setup\installer\Product.wxs(442) : information WIX0012: [Converted] The file id is being updated to 'German.xlf' to ensure it remains the same as the v3 default (AssignAnonymousFileId)
[10.25.2025 19:35:15.216]: Y:\user_alex_new\dot_net2022\Github\GitExtensions\setup\installer\Product.wxs(444) : information WIX0023: [Converted] Using '*' for the Component Guid attribute is unnecessary. Remove the attribute to remove the redundancy. (AutoGuidUnnecessary)
[10.25.2025 19:35:15.216]: Y:\user_alex_new\dot_net2022\Github\GitExtensions\setup\installer\Product.wxs(445) : information WIX0012: [Converted] The file id is being updated to 'German.Plugins.xlf' to ensure it remains the same as the v3 default (AssignAnonymousFileId)
[10.25.2025 19:35:15.216]: Y:\user_alex_new\dot_net2022\Github\GitExtensions\setup\installer\Product.wxs(447) : information WIX0023: [Converted] Using '*' for the Component Guid attribute is unnecessary. Remove the attribute to remove the redundancy. (AutoGuidUnnecessary)
[10.25.2025 19:35:15.216]: Y:\user_alex_new\dot_net2022\Github\GitExtensions\setup\installer\Product.wxs(448) : information WIX0012: [Converted] The file id is being updated to 'Japanese.gif' to ensure it remains the same as the v3 default (AssignAnonymousFileId)
[10.25.2025 19:35:15.216]: Y:\user_alex_new\dot_net2022\Github\GitExtensions\setup\installer\Product.wxs(450) : information WIX0023: [Converted] Using '*' for the Component Guid attribute is unnecessary. Remove the attribute to remove the redundancy. (AutoGuidUnnecessary)
[10.25.2025 19:35:15.216]: Y:\user_alex_new\dot_net2022\Github\GitExtensions\setup\installer\Product.wxs(451) : information WIX0012: [Converted] The file id is being updated to 'Japanese.xlf' to ensure it remains the same as the v3 default (AssignAnonymousFileId)
[10.25.2025 19:35:15.216]: Y:\user_alex_new\dot_net2022\Github\GitExtensions\setup\installer\Product.wxs(453) : information WIX0023: [Converted] Using '*' for the Component Guid attribute is unnecessary. Remove the attribute to remove the redundancy. (AutoGuidUnnecessary)
[10.25.2025 19:35:15.216]: Y:\user_alex_new\dot_net2022\Github\GitExtensions\setup\installer\Product.wxs(454) : information WIX0012: [Converted] The file id is being updated to 'Japanese.Plugins.xlf' to ensure it remains the same as the v3 default (AssignAnonymousFileId)
[10.25.2025 19:35:15.216]: Y:\user_alex_new\dot_net2022\Github\GitExtensions\setup\installer\Product.wxs(456) : information WIX0023: [Converted] Using '*' for the Component Guid attribute is unnecessary. Remove the attribute to remove the redundancy. (AutoGuidUnnecessary)
[10.25.2025 19:35:15.216]: Y:\user_alex_new\dot_net2022\Github\GitExtensions\setup\installer\Product.wxs(457) : information WIX0012: [Converted] The file id is being updated to 'Korean.gif' to ensure it remains the same as the v3 default (AssignAnonymousFileId)
[10.25.2025 19:35:15.216]: Y:\user_alex_new\dot_net2022\Github\GitExtensions\setup\installer\Product.wxs(459) : information WIX0023: [Converted] Using '*' for the Component Guid attribute is unnecessary. Remove the attribute to remove the redundancy. (AutoGuidUnnecessary)
[10.25.2025 19:35:15.216]: Y:\user_alex_new\dot_net2022\Github\GitExtensions\setup\installer\Product.wxs(460) : information WIX0012: [Converted] The file id is being updated to 'Korean.xlf' to ensure it remains the same as the v3 default (AssignAnonymousFileId)
[10.25.2025 19:35:15.216]: Y:\user_alex_new\dot_net2022\Github\GitExtensions\setup\installer\Product.wxs(462) : information WIX0023: [Converted] Using '*' for the Component Guid attribute is unnecessary. Remove the attribute to remove the redundancy. (AutoGuidUnnecessary)
[10.25.2025 19:35:15.216]: Y:\user_alex_new\dot_net2022\Github\GitExtensions\setup\installer\Product.wxs(463) : information WIX0012: [Converted] The file id is being updated to 'Korean.Plugins.xlf' to ensure it remains the same as the v3 default (AssignAnonymousFileId)
[10.25.2025 19:35:15.216]: Y:\user_alex_new\dot_net2022\Github\GitExtensions\setup\installer\Product.wxs(465) : information WIX0023: [Converted] Using '*' for the Component Guid attribute is unnecessary. Remove the attribute to remove the redundancy. (AutoGuidUnnecessary)
[10.25.2025 19:35:15.216]: Y:\user_alex_new\dot_net2022\Github\GitExtensions\setup\installer\Product.wxs(466) : information WIX0012: [Converted] The file id is being updated to 'Russian.gif' to ensure it remains the same as the v3 default (AssignAnonymousFileId)
[10.25.2025 19:35:15.216]: Y:\user_alex_new\dot_net2022\Github\GitExtensions\setup\installer\Product.wxs(468) : information WIX0023: [Converted] Using '*' for the Component Guid attribute is unnecessary. Remove the attribute to remove the redundancy. (AutoGuidUnnecessary)
[10.25.2025 19:35:15.216]: Y:\user_alex_new\dot_net2022\Github\GitExtensions\setup\installer\Product.wxs(469) : information WIX0012: [Converted] The file id is being updated to 'Russian.xlf' to ensure it remains the same as the v3 default (AssignAnonymousFileId)
[10.25.2025 19:35:15.216]: Y:\user_alex_new\dot_net2022\Github\GitExtensions\setup\installer\Product.wxs(471) : information WIX0023: [Converted] Using '*' for the Component Guid attribute is unnecessary. Remove the attribute to remove the redundancy. (AutoGuidUnnecessary)
[10.25.2025 19:35:15.216]: Y:\user_alex_new\dot_net2022\Github\GitExtensions\setup\installer\Product.wxs(472) : information WIX0012: [Converted] The file id is being updated to 'Russian.Plugins.xlf' to ensure it remains the same as the v3 default (AssignAnonymousFileId)
[10.25.2025 19:35:15.216]: Y:\user_alex_new\dot_net2022\Github\GitExtensions\setup\installer\Product.wxs(474) : information WIX0023: [Converted] Using '*' for the Component Guid attribute is unnecessary. Remove the attribute to remove the redundancy. (AutoGuidUnnecessary)
[10.25.2025 19:35:15.216]: Y:\user_alex_new\dot_net2022\Github\GitExtensions\setup\installer\Product.wxs(475) : information WIX0012: [Converted] The file id is being updated to 'Simplified Chinese.gif' to ensure it remains the same as the v3 default (AssignAnonymousFileId)
[10.25.2025 19:35:15.216]: Y:\user_alex_new\dot_net2022\Github\GitExtensions\setup\installer\Product.wxs(477) : information WIX0023: [Converted] Using '*' for the Component Guid attribute is unnecessary. Remove the attribute to remove the redundancy. (AutoGuidUnnecessary)
[10.25.2025 19:35:15.216]: Y:\user_alex_new\dot_net2022\Github\GitExtensions\setup\installer\Product.wxs(478) : information WIX0012: [Converted] The file id is being updated to 'Simplified Chinese.xlf' to ensure it remains the same as the v3 default (AssignAnonymousFileId)
[10.25.2025 19:35:15.216]: Y:\user_alex_new\dot_net2022\Github\GitExtensions\setup\installer\Product.wxs(480) : information WIX0023: [Converted] Using '*' for the Component Guid attribute is unnecessary. Remove the attribute to remove the redundancy. (AutoGuidUnnecessary)
[10.25.2025 19:35:15.216]: Y:\user_alex_new\dot_net2022\Github\GitExtensions\setup\installer\Product.wxs(481) : information WIX0012: [Converted] The file id is being updated to 'Simplified Chinese.Plugins.xlf' to ensure it remains the same as the v3 default (AssignAnonymousFileId)
[10.25.2025 19:35:15.216]: Y:\user_alex_new\dot_net2022\Github\GitExtensions\setup\installer\Product.wxs(483) : information WIX0023: [Converted] Using '*' for the Component Guid attribute is unnecessary. Remove the attribute to remove the redundancy. (AutoGuidUnnecessary)
[10.25.2025 19:35:15.216]: Y:\user_alex_new\dot_net2022\Github\GitExtensions\setup\installer\Product.wxs(484) : information WIX0012: [Converted] The file id is being updated to 'Spanish (Argentina).gif' to ensure it remains the same as the v3 default (AssignAnonymousFileId)
[10.25.2025 19:35:15.216]: Y:\user_alex_new\dot_net2022\Github\GitExtensions\setup\installer\Product.wxs(486) : information WIX0023: [Converted] Using '*' for the Component Guid attribute is unnecessary. Remove the attribute to remove the redundancy. (AutoGuidUnnecessary)
[10.25.2025 19:35:15.216]: Y:\user_alex_new\dot_net2022\Github\GitExtensions\setup\installer\Product.wxs(487) : information WIX0012: [Converted] The file id is being updated to 'Spanish (Argentina).xlf' to ensure it remains the same as the v3 default (AssignAnonymousFileId)
[10.25.2025 19:35:15.216]: Y:\user_alex_new\dot_net2022\Github\GitExtensions\setup\installer\Product.wxs(489) : information WIX0023: [Converted] Using '*' for the Component Guid attribute is unnecessary. Remove the attribute to remove the redundancy. (AutoGuidUnnecessary)
[10.25.2025 19:35:15.216]: Y:\user_alex_new\dot_net2022\Github\GitExtensions\setup\installer\Product.wxs(490) : information WIX0012: [Converted] The file id is being updated to 'Spanish (Argentina).Plugins.xlf' to ensure it remains the same as the v3 default (AssignAnonymousFileId)
[10.25.2025 19:35:15.216]: Y:\user_alex_new\dot_net2022\Github\GitExtensions\setup\installer\Product.wxs(492) : information WIX0023: [Converted] Using '*' for the Component Guid attribute is unnecessary. Remove the attribute to remove the redundancy. (AutoGuidUnnecessary)
[10.25.2025 19:35:15.216]: Y:\user_alex_new\dot_net2022\Github\GitExtensions\setup\installer\Product.wxs(493) : information WIX0012: [Converted] The file id is being updated to 'Spanish.gif' to ensure it remains the same as the v3 default (AssignAnonymousFileId)
[10.25.2025 19:35:15.216]: Y:\user_alex_new\dot_net2022\Github\GitExtensions\setup\installer\Product.wxs(495) : information WIX0023: [Converted] Using '*' for the Component Guid attribute is unnecessary. Remove the attribute to remove the redundancy. (AutoGuidUnnecessary)
[10.25.2025 19:35:15.216]: Y:\user_alex_new\dot_net2022\Github\GitExtensions\setup\installer\Product.wxs(496) : information WIX0012: [Converted] The file id is being updated to 'Spanish.xlf' to ensure it remains the same as the v3 default (AssignAnonymousFileId)
[10.25.2025 19:35:15.216]: Y:\user_alex_new\dot_net2022\Github\GitExtensions\setup\installer\Product.wxs(498) : information WIX0023: [Converted] Using '*' for the Component Guid attribute is unnecessary. Remove the attribute to remove the redundancy. (AutoGuidUnnecessary)
[10.25.2025 19:35:15.216]: Y:\user_alex_new\dot_net2022\Github\GitExtensions\setup\installer\Product.wxs(499) : information WIX0012: [Converted] The file id is being updated to 'Spanish.Plugins.xlf' to ensure it remains the same as the v3 default (AssignAnonymousFileId)
[10.25.2025 19:35:15.216]: Y:\user_alex_new\dot_net2022\Github\GitExtensions\setup\installer\Product.wxs(501) : information WIX0023: [Converted] Using '*' for the Component Guid attribute is unnecessary. Remove the attribute to remove the redundancy. (AutoGuidUnnecessary)
[10.25.2025 19:35:15.216]: Y:\user_alex_new\dot_net2022\Github\GitExtensions\setup\installer\Product.wxs(502) : information WIX0012: [Converted] The file id is being updated to 'Tamil.gif' to ensure it remains the same as the v3 default (AssignAnonymousFileId)
[10.25.2025 19:35:15.216]: Y:\user_alex_new\dot_net2022\Github\GitExtensions\setup\installer\Product.wxs(504) : information WIX0023: [Converted] Using '*' for the Component Guid attribute is unnecessary. Remove the attribute to remove the redundancy. (AutoGuidUnnecessary)
[10.25.2025 19:35:15.216]: Y:\user_alex_new\dot_net2022\Github\GitExtensions\setup\installer\Product.wxs(505) : information WIX0012: [Converted] The file id is being updated to 'Tamil.xlf' to ensure it remains the same as the v3 default (AssignAnonymousFileId)
[10.25.2025 19:35:15.216]: Y:\user_alex_new\dot_net2022\Github\GitExtensions\setup\installer\Product.wxs(507) : information WIX0023: [Converted] Using '*' for the Component Guid attribute is unnecessary. Remove the attribute to remove the redundancy. (AutoGuidUnnecessary)
[10.25.2025 19:35:15.216]: Y:\user_alex_new\dot_net2022\Github\GitExtensions\setup\installer\Product.wxs(508) : information WIX0012: [Converted] The file id is being updated to 'Tamil.Plugins.xlf' to ensure it remains the same as the v3 default (AssignAnonymousFileId)
[10.25.2025 19:35:15.216]: Y:\user_alex_new\dot_net2022\Github\GitExtensions\setup\installer\Product.wxs(510) : information WIX0023: [Converted] Using '*' for the Component Guid attribute is unnecessary. Remove the attribute to remove the redundancy. (AutoGuidUnnecessary)
[10.25.2025 19:35:15.216]: Y:\user_alex_new\dot_net2022\Github\GitExtensions\setup\installer\Product.wxs(511) : information WIX0012: [Converted] The file id is being updated to 'Traditional Chinese.gif' to ensure it remains the same as the v3 default (AssignAnonymousFileId)
[10.25.2025 19:35:15.216]: Y:\user_alex_new\dot_net2022\Github\GitExtensions\setup\installer\Product.wxs(513) : information WIX0023: [Converted] Using '*' for the Component Guid attribute is unnecessary. Remove the attribute to remove the redundancy. (AutoGuidUnnecessary)
[10.25.2025 19:35:15.216]: Y:\user_alex_new\dot_net2022\Github\GitExtensions\setup\installer\Product.wxs(514) : information WIX0012: [Converted] The file id is being updated to 'Traditional Chinese.xlf' to ensure it remains the same as the v3 default (AssignAnonymousFileId)
[10.25.2025 19:35:15.216]: Y:\user_alex_new\dot_net2022\Github\GitExtensions\setup\installer\Product.wxs(516) : information WIX0023: [Converted] Using '*' for the Component Guid attribute is unnecessary. Remove the attribute to remove the redundancy. (AutoGuidUnnecessary)
[10.25.2025 19:35:15.216]: Y:\user_alex_new\dot_net2022\Github\GitExtensions\setup\installer\Product.wxs(517) : information WIX0012: [Converted] The file id is being updated to 'Traditional Chinese.Plugins.xlf' to ensure it remains the same as the v3 default (AssignAnonymousFileId)
[10.25.2025 19:35:15.216]: Y:\user_alex_new\dot_net2022\Github\GitExtensions\setup\installer\Product.wxs(519) : information WIX0023: [Converted] Using '*' for the Component Guid attribute is unnecessary. Remove the attribute to remove the redundancy. (AutoGuidUnnecessary)
[10.25.2025 19:35:15.216]: Y:\user_alex_new\dot_net2022\Github\GitExtensions\setup\installer\Product.wxs(520) : information WIX0012: [Converted] The file id is being updated to 'Turkish.gif' to ensure it remains the same as the v3 default (AssignAnonymousFileId)
[10.25.2025 19:35:15.216]: Y:\user_alex_new\dot_net2022\Github\GitExtensions\setup\installer\Product.wxs(522) : information WIX0023: [Converted] Using '*' for the Component Guid attribute is unnecessary. Remove the attribute to remove the redundancy. (AutoGuidUnnecessary)
[10.25.2025 19:35:15.216]: Y:\user_alex_new\dot_net2022\Github\GitExtensions\setup\installer\Product.wxs(523) : information WIX0012: [Converted] The file id is being updated to 'Turkish.xlf' to ensure it remains the same as the v3 default (AssignAnonymousFileId)
[10.25.2025 19:35:15.216]: Y:\user_alex_new\dot_net2022\Github\GitExtensions\setup\installer\Product.wxs(525) : information WIX0023: [Converted] Using '*' for the Component Guid attribute is unnecessary. Remove the attribute to remove the redundancy. (AutoGuidUnnecessary)
[10.25.2025 19:35:15.216]: Y:\user_alex_new\dot_net2022\Github\GitExtensions\setup\installer\Product.wxs(526) : information WIX0012: [Converted] The file id is being updated to 'Turkish.Plugins.xlf' to ensure it remains the same as the v3 default (AssignAnonymousFileId)
[10.25.2025 19:35:15.216]: Y:\user_alex_new\dot_net2022\Github\GitExtensions\setup\installer\Product.wxs(530) : information WIX0023: [Converted] Using '*' for the Component Guid attribute is unnecessary. Remove the attribute to remove the redundancy. (AutoGuidUnnecessary)
[10.25.2025 19:35:15.216]: Y:\user_alex_new\dot_net2022\Github\GitExtensions\setup\installer\Product.wxs(531) : information WIX0012: [Converted] The file id is being updated to 'CmdInit.cmd' to ensure it remains the same as the v3 default (AssignAnonymousFileId)
[10.25.2025 19:35:15.216]: Y:\user_alex_new\dot_net2022\Github\GitExtensions\setup\installer\Product.wxs(533) : information WIX0023: [Converted] Using '*' for the Component Guid attribute is unnecessary. Remove the attribute to remove the redundancy. (AutoGuidUnnecessary)
[10.25.2025 19:35:15.216]: Y:\user_alex_new\dot_net2022\Github\GitExtensions\setup\installer\Product.wxs(534) : information WIX0012: [Converted] The file id is being updated to 'ConEmu.exe' to ensure it remains the same as the v3 default (AssignAnonymousFileId)
[10.25.2025 19:35:15.217]: Y:\user_alex_new\dot_net2022\Github\GitExtensions\setup\installer\Product.wxs(536) : information WIX0023: [Converted] Using '*' for the Component Guid attribute is unnecessary. Remove the attribute to remove the redundancy. (AutoGuidUnnecessary)
[10.25.2025 19:35:15.217]: Y:\user_alex_new\dot_net2022\Github\GitExtensions\setup\installer\Product.wxs(537) : information WIX0012: [Converted] The file id is being updated to 'ConEmu64.exe' to ensure it remains the same as the v3 default (AssignAnonymousFileId)
[10.25.2025 19:35:15.217]: Y:\user_alex_new\dot_net2022\Github\GitExtensions\setup\installer\Product.wxs(539) : information WIX0023: [Converted] Using '*' for the Component Guid attribute is unnecessary. Remove the attribute to remove the redundancy. (AutoGuidUnnecessary)
[10.25.2025 19:35:15.217]: Y:\user_alex_new\dot_net2022\Github\GitExtensions\setup\installer\Product.wxs(540) : information WIX0012: [Converted] The file id is being updated to 'ConEmuC.exe' to ensure it remains the same as the v3 default (AssignAnonymousFileId)
[10.25.2025 19:35:15.217]: Y:\user_alex_new\dot_net2022\Github\GitExtensions\setup\installer\Product.wxs(542) : information WIX0023: [Converted] Using '*' for the Component Guid attribute is unnecessary. Remove the attribute to remove the redundancy. (AutoGuidUnnecessary)
[10.25.2025 19:35:15.217]: Y:\user_alex_new\dot_net2022\Github\GitExtensions\setup\installer\Product.wxs(543) : information WIX0012: [Converted] The file id is being updated to 'ConEmuC64.exe' to ensure it remains the same as the v3 default (AssignAnonymousFileId)
[10.25.2025 19:35:15.217]: Y:\user_alex_new\dot_net2022\Github\GitExtensions\setup\installer\Product.wxs(545) : information WIX0023: [Converted] Using '*' for the Component Guid attribute is unnecessary. Remove the attribute to remove the redundancy. (AutoGuidUnnecessary)
[10.25.2025 19:35:15.217]: Y:\user_alex_new\dot_net2022\Github\GitExtensions\setup\installer\Product.wxs(546) : information WIX0012: [Converted] The file id is being updated to 'ConEmuCD.dll' to ensure it remains the same as the v3 default (AssignAnonymousFileId)
[10.25.2025 19:35:15.217]: Y:\user_alex_new\dot_net2022\Github\GitExtensions\setup\installer\Product.wxs(548) : information WIX0023: [Converted] Using '*' for the Component Guid attribute is unnecessary. Remove the attribute to remove the redundancy. (AutoGuidUnnecessary)
[10.25.2025 19:35:15.217]: Y:\user_alex_new\dot_net2022\Github\GitExtensions\setup\installer\Product.wxs(549) : information WIX0012: [Converted] The file id is being updated to 'ConEmuCD64.dll' to ensure it remains the same as the v3 default (AssignAnonymousFileId)
[10.25.2025 19:35:15.217]: Y:\user_alex_new\dot_net2022\Github\GitExtensions\setup\installer\Product.wxs(551) : information WIX0023: [Converted] Using '*' for the Component Guid attribute is unnecessary. Remove the attribute to remove the redundancy. (AutoGuidUnnecessary)
[10.25.2025 19:35:15.217]: Y:\user_alex_new\dot_net2022\Github\GitExtensions\setup\installer\Product.wxs(552) : information WIX0012: [Converted] The file id is being updated to 'ConEmuHk.dll' to ensure it remains the same as the v3 default (AssignAnonymousFileId)
[10.25.2025 19:35:15.217]: Y:\user_alex_new\dot_net2022\Github\GitExtensions\setup\installer\Product.wxs(554) : information WIX0023: [Converted] Using '*' for the Component Guid attribute is unnecessary. Remove the attribute to remove the redundancy. (AutoGuidUnnecessary)
[10.25.2025 19:35:15.217]: Y:\user_alex_new\dot_net2022\Github\GitExtensions\setup\installer\Product.wxs(555) : information WIX0012: [Converted] The file id is being updated to 'ConEmuHk64.dll' to ensure it remains the same as the v3 default (AssignAnonymousFileId)
[10.25.2025 19:35:15.217]: Y:\user_alex_new\dot_net2022\Github\GitExtensions\setup\installer\Product.wxs(557) : information WIX0023: [Converted] Using '*' for the Component Guid attribute is unnecessary. Remove the attribute to remove the redundancy. (AutoGuidUnnecessary)
[10.25.2025 19:35:15.217]: Y:\user_alex_new\dot_net2022\Github\GitExtensions\setup\installer\Product.wxs(558) : information WIX0012: [Converted] The file id is being updated to 'GitShowBranch.cmd' to ensure it remains the same as the v3 default (AssignAnonymousFileId)
[10.25.2025 19:35:15.217]: Y:\user_alex_new\dot_net2022\Github\GitExtensions\setup\installer\Product.wxs(586) : information WIX0066: [Converted] The standard directory 'ProgramMenuFolder' should no longer be directly referenced. Use the StandardDirectory element instead. (StandardDirectoryRefDeprecated)
[10.25.2025 19:35:15.217]: Y:\user_alex_new\dot_net2022\Github\GitExtensions\setup\installer\Product.wxs(587) : information WIX0023: [Converted] Using '*' for the Component Guid attribute is unnecessary. Remove the attribute to remove the redundancy. (AutoGuidUnnecessary)
[10.25.2025 19:35:15.217]: Y:\user_alex_new\dot_net2022\Github\GitExtensions\setup\installer\Product.wxs(598) : information WIX0066: [Converted] The standard directory 'DesktopFolder' should no longer be directly referenced. Use the StandardDirectory element instead. (StandardDirectoryRefDeprecated)
[10.25.2025 19:35:15.217]: Y:\user_alex_new\dot_net2022\Github\GitExtensions\setup\installer\Product.wxs(599) : information WIX0023: [Converted] Using '*' for the Component Guid attribute is unnecessary. Remove the attribute to remove the redundancy. (AutoGuidUnnecessary)
[10.25.2025 19:35:15.217]: Y:\user_alex_new\dot_net2022\Github\GitExtensions\setup\installer\Product.wxs(860) : information WIX0029: [Converted] The CustomAction attributes have been renamed from BinaryKey and FileKey to BinaryRef and FileRef. (CustomActionKeysAreNowRefs)
[10.25.2025 19:35:15.217]: Y:\user_alex_new\dot_net2022\Github\GitExtensions\setup\installer\Product.wxs(863) : information WIX0022: [Converted] Using Custom element text is deprecated. Use the 'Condition' attribute instead. (InnerTextDeprecated)
[10.25.2025 19:35:15.217]: Y:\user_alex_new\dot_net2022\Github\GitExtensions\setup\installer\Product.wxs(876) : information WIX0059: [Converted] Standard directories such as 'LocalAppDataFolder' should no longer be defined using the Directory element. Use the StandardDirectory element instead. (DefiningStandardDirectoryDeprecated)
[10.25.2025 19:35:15.217]: Y:\user_alex_new\dot_net2022\Github\GitExtensions\setup\installer\Product.wxs(892) : information WIX0059: [Converted] Standard directories such as 'ProgramMenuFolder' should no longer be defined using the Directory element. Use the StandardDirectory element instead. (DefiningStandardDirectoryDeprecated)
[10.25.2025 19:35:15.217]: Y:\user_alex_new\dot_net2022\Github\GitExtensions\setup\installer\Product.wxs(895) : information WIX0059: [Converted] Standard directories such as 'DesktopFolder' should no longer be defined using the Directory element. Use the StandardDirectory element instead. (DefiningStandardDirectoryDeprecated)
[10.25.2025 19:35:15.217]: Y:\user_alex_new\dot_net2022\Github\GitExtensions\setup\installer\Product.wxs : information WIX0046: [Converted] The namespace 'http://wixtoolset.org/schemas/v4/wxs/vs' is not used. Remove unused namespaces. (RemoveUnusedNamespaces)
[10.25.2025 19:35:15.217]: Converting file: Y:\user_alex_new\dot_net2022\Github\GitExtensions\setup\installer\UI\CancelDlg.wxs...
[10.25.2025 19:35:15.218]: Y:\user_alex_new\dot_net2022\Github\GitExtensions\setup\installer\UI\CancelDlg.wxs : information WIX0005: [Converted] This file contains an XML declaration on the first line. (DeclarationPresent)
[10.25.2025 19:35:15.218]: Y:\user_alex_new\dot_net2022\Github\GitExtensions\setup\installer\UI\CancelDlg.wxs(12) : information WIX0009: [Converted] The namespace 'http://schemas.microsoft.com/wix/2006/wi' is out of date. It must be 'http://wixtoolset.org/schemas/v4/wxs'. (XmlnsValueWrong)
[10.25.2025 19:35:15.218]: Y:\user_alex_new\dot_net2022\Github\GitExtensions\setup\installer\UI\CancelDlg.wxs(17) : information WIX0022: [Converted] Using Publish element text is deprecated. Use the 'Condition' attribute instead. (InnerTextDeprecated)
[10.25.2025 19:35:15.218]: Y:\user_alex_new\dot_net2022\Github\GitExtensions\setup\installer\UI\CancelDlg.wxs(17) : information WIX0026: [Converted] Adding Condition='1' on Publish elements is no longer necessary. Remove the Condition attribute. (PublishConditionOneUnnecessary)
[10.25.2025 19:35:15.218]: Y:\user_alex_new\dot_net2022\Github\GitExtensions\setup\installer\UI\CancelDlg.wxs(20) : information WIX0022: [Converted] Using Publish element text is deprecated. Use the 'Condition' attribute instead. (InnerTextDeprecated)
[10.25.2025 19:35:15.218]: Y:\user_alex_new\dot_net2022\Github\GitExtensions\setup\installer\UI\CancelDlg.wxs(20) : information WIX0026: [Converted] Adding Condition='1' on Publish elements is no longer necessary. Remove the Condition attribute. (PublishConditionOneUnnecessary)
[10.25.2025 19:35:15.218]: Converting file: Y:\user_alex_new\dot_net2022\Github\GitExtensions\setup\installer\UI\TelemetryDlg.wxs...
[10.25.2025 19:35:15.219]: Y:\user_alex_new\dot_net2022\Github\GitExtensions\setup\installer\UI\TelemetryDlg.wxs : information WIX0005: [Converted] This file contains an XML declaration on the first line. (DeclarationPresent)
[10.25.2025 19:35:15.219]: Y:\user_alex_new\dot_net2022\Github\GitExtensions\setup\installer\UI\TelemetryDlg.wxs(1) : information WIX0009: [Converted] The namespace 'http://schemas.microsoft.com/wix/2006/wi' is out of date. It must be 'http://wixtoolset.org/schemas/v4/wxs'. (XmlnsValueWrong)
[10.25.2025 19:35:15.219]: Y:\user_alex_new\dot_net2022\Github\GitExtensions\setup\installer\UI\TelemetryDlg.wxs : information WIX0022: [Converted] Using Condition element text is deprecated. Use the 'Launch' element instead. (InnerTextDeprecated)
[10.25.2025 19:35:15.219]: Y:\user_alex_new\dot_net2022\Github\GitExtensions\setup\installer\UI\TelemetryDlg.wxs(12) : information WIX0029: [Converted] The CustomAction attributes have been renamed from BinaryKey and FileKey to BinaryRef and FileRef. (CustomActionKeysAreNowRefs)
[10.25.2025 19:35:15.219]: Y:\user_alex_new\dot_net2022\Github\GitExtensions\setup\installer\UI\TelemetryDlg.wxs(12) : information WIX0014: [Converted] The WixCA custom action DLL Binary table id has been renamed. Use the id 'Wix4UtilCA_X86' instead. (WixCABinaryIdRenamed)
[10.25.2025 19:35:15.219]: Y:\user_alex_new\dot_net2022\Github\GitExtensions\setup\installer\UI\TelemetryDlg.wxs(15) : information WIX0022: [Converted] Using Custom element text is deprecated. Use the 'Condition' attribute instead. (InnerTextDeprecated)
[10.25.2025 19:35:15.219]: Y:\user_alex_new\dot_net2022\Github\GitExtensions\setup\installer\UI\TelemetryDlg.wxs(23) : information WIX0022: [Converted] Using Publish element text is deprecated. Use the 'Condition' attribute instead. (InnerTextDeprecated)
[10.25.2025 19:35:15.219]: Y:\user_alex_new\dot_net2022\Github\GitExtensions\setup\installer\UI\TelemetryDlg.wxs(23) : information WIX0026: [Converted] Adding Condition='1' on Publish elements is no longer necessary. Remove the Condition attribute. (PublishConditionOneUnnecessary)
[10.25.2025 19:35:15.219]: Converting file: Y:\user_alex_new\dot_net2022\Github\GitExtensions\setup\installer\UI\CustomizeDlg.wxs...
[10.25.2025 19:35:15.221]: Y:\user_alex_new\dot_net2022\Github\GitExtensions\setup\installer\UI\CustomizeDlg.wxs : information WIX0005: [Converted] This file contains an XML declaration on the first line. (DeclarationPresent)
[10.25.2025 19:35:15.221]: Y:\user_alex_new\dot_net2022\Github\GitExtensions\setup\installer\UI\CustomizeDlg.wxs(12) : information WIX0009: [Converted] The namespace 'http://schemas.microsoft.com/wix/2006/wi' is out of date. It must be 'http://wixtoolset.org/schemas/v4/wxs'. (XmlnsValueWrong)
[10.25.2025 19:35:15.221]: Y:\user_alex_new\dot_net2022\Github\GitExtensions\setup\installer\UI\CustomizeDlg.wxs(17) : information WIX0022: [Converted] Using Condition element text is deprecated. Use the 'HideCondition' attribute instead. (InnerTextDeprecated)
[10.25.2025 19:35:15.221]: Y:\user_alex_new\dot_net2022\Github\GitExtensions\setup\installer\UI\CustomizeDlg.wxs(17) : information WIX0022: [Converted] Using Condition element text is deprecated. Use the 'DisableCondition' attribute instead. (InnerTextDeprecated)
[10.25.2025 19:35:15.221]: Y:\user_alex_new\dot_net2022\Github\GitExtensions\setup\installer\UI\CustomizeDlg.wxs(18) : information WIX0022: [Converted] Using Publish element text is deprecated. Use the 'Condition' attribute instead. (InnerTextDeprecated)
[10.25.2025 19:35:15.221]: Y:\user_alex_new\dot_net2022\Github\GitExtensions\setup\installer\UI\CustomizeDlg.wxs(18) : information WIX0026: [Converted] Adding Condition='1' on Publish elements is no longer necessary. Remove the Condition attribute. (PublishConditionOneUnnecessary)
[10.25.2025 19:35:15.221]: Y:\user_alex_new\dot_net2022\Github\GitExtensions\setup\installer\UI\CustomizeDlg.wxs(27) : information WIX0022: [Converted] Using Publish element text is deprecated. Use the 'Condition' attribute instead. (InnerTextDeprecated)
[10.25.2025 19:35:15.221]: Y:\user_alex_new\dot_net2022\Github\GitExtensions\setup\installer\UI\CustomizeDlg.wxs(27) : information WIX0026: [Converted] Adding Condition='1' on Publish elements is no longer necessary. Remove the Condition attribute. (PublishConditionOneUnnecessary)
[10.25.2025 19:35:15.221]: Y:\user_alex_new\dot_net2022\Github\GitExtensions\setup\installer\UI\CustomizeDlg.wxs(35) : information WIX0022: [Converted] Using Condition element text is deprecated. Use the 'HideCondition' attribute instead. (InnerTextDeprecated)
[10.25.2025 19:35:15.221]: Y:\user_alex_new\dot_net2022\Github\GitExtensions\setup\installer\UI\CustomizeDlg.wxs(40) : information WIX0022: [Converted] Using Condition element text is deprecated. Use the 'HideCondition' attribute instead. (InnerTextDeprecated)
[10.25.2025 19:35:15.221]: Converting file: Y:\user_alex_new\dot_net2022\Github\GitExtensions\setup\installer\UI\ErrorDlg.wxs...
[10.25.2025 19:35:15.222]: Y:\user_alex_new\dot_net2022\Github\GitExtensions\setup\installer\UI\ErrorDlg.wxs : information WIX0005: [Converted] This file contains an XML declaration on the first line. (DeclarationPresent)
[10.25.2025 19:35:15.222]: Y:\user_alex_new\dot_net2022\Github\GitExtensions\setup\installer\UI\ErrorDlg.wxs(12) : information WIX0009: [Converted] The namespace 'http://schemas.microsoft.com/wix/2006/wi' is out of date. It must be 'http://wixtoolset.org/schemas/v4/wxs'. (XmlnsValueWrong)
[10.25.2025 19:35:15.222]: Y:\user_alex_new\dot_net2022\Github\GitExtensions\setup\installer\UI\ErrorDlg.wxs(18) : information WIX0022: [Converted] Using Publish element text is deprecated. Use the 'Condition' attribute instead. (InnerTextDeprecated)
[10.25.2025 19:35:15.222]: Y:\user_alex_new\dot_net2022\Github\GitExtensions\setup\installer\UI\ErrorDlg.wxs(18) : information WIX0026: [Converted] Adding Condition='1' on Publish elements is no longer necessary. Remove the Condition attribute. (PublishConditionOneUnnecessary)
[10.25.2025 19:35:15.222]: Y:\user_alex_new\dot_net2022\Github\GitExtensions\setup\installer\UI\ErrorDlg.wxs(21) : information WIX0022: [Converted] Using Publish element text is deprecated. Use the 'Condition' attribute instead. (InnerTextDeprecated)
[10.25.2025 19:35:15.222]: Y:\user_alex_new\dot_net2022\Github\GitExtensions\setup\installer\UI\ErrorDlg.wxs(21) : information WIX0026: [Converted] Adding Condition='1' on Publish elements is no longer necessary. Remove the Condition attribute. (PublishConditionOneUnnecessary)
[10.25.2025 19:35:15.222]: Y:\user_alex_new\dot_net2022\Github\GitExtensions\setup\installer\UI\ErrorDlg.wxs(24) : information WIX0022: [Converted] Using Publish element text is deprecated. Use the 'Condition' attribute instead. (InnerTextDeprecated)
[10.25.2025 19:35:15.222]: Y:\user_alex_new\dot_net2022\Github\GitExtensions\setup\installer\UI\ErrorDlg.wxs(24) : information WIX0026: [Converted] Adding Condition='1' on Publish elements is no longer necessary. Remove the Condition attribute. (PublishConditionOneUnnecessary)
[10.25.2025 19:35:15.222]: Y:\user_alex_new\dot_net2022\Github\GitExtensions\setup\installer\UI\ErrorDlg.wxs(28) : information WIX0022: [Converted] Using Publish element text is deprecated. Use the 'Condition' attribute instead. (InnerTextDeprecated)
[10.25.2025 19:35:15.222]: Y:\user_alex_new\dot_net2022\Github\GitExtensions\setup\installer\UI\ErrorDlg.wxs(28) : information WIX0026: [Converted] Adding Condition='1' on Publish elements is no longer necessary. Remove the Condition attribute. (PublishConditionOneUnnecessary)
[10.25.2025 19:35:15.222]: Y:\user_alex_new\dot_net2022\Github\GitExtensions\setup\installer\UI\ErrorDlg.wxs(31) : information WIX0022: [Converted] Using Publish element text is deprecated. Use the 'Condition' attribute instead. (InnerTextDeprecated)
[10.25.2025 19:35:15.222]: Y:\user_alex_new\dot_net2022\Github\GitExtensions\setup\installer\UI\ErrorDlg.wxs(31) : information WIX0026: [Converted] Adding Condition='1' on Publish elements is no longer necessary. Remove the Condition attribute. (PublishConditionOneUnnecessary)
[10.25.2025 19:35:15.222]: Y:\user_alex_new\dot_net2022\Github\GitExtensions\setup\installer\UI\ErrorDlg.wxs(34) : information WIX0022: [Converted] Using Publish element text is deprecated. Use the 'Condition' attribute instead. (InnerTextDeprecated)
[10.25.2025 19:35:15.222]: Y:\user_alex_new\dot_net2022\Github\GitExtensions\setup\installer\UI\ErrorDlg.wxs(34) : information WIX0026: [Converted] Adding Condition='1' on Publish elements is no longer necessary. Remove the Condition attribute. (PublishConditionOneUnnecessary)
[10.25.2025 19:35:15.222]: Y:\user_alex_new\dot_net2022\Github\GitExtensions\setup\installer\UI\ErrorDlg.wxs(37) : information WIX0022: [Converted] Using Publish element text is deprecated. Use the 'Condition' attribute instead. (InnerTextDeprecated)
[10.25.2025 19:35:15.222]: Y:\user_alex_new\dot_net2022\Github\GitExtensions\setup\installer\UI\ErrorDlg.wxs(37) : information WIX0026: [Converted] Adding Condition='1' on Publish elements is no longer necessary. Remove the Condition attribute. (PublishConditionOneUnnecessary)
[10.25.2025 19:35:15.222]: Converting file: Y:\user_alex_new\dot_net2022\Github\GitExtensions\setup\installer\UI\ExitDialog.wxs...
[10.25.2025 19:35:15.223]: Y:\user_alex_new\dot_net2022\Github\GitExtensions\setup\installer\UI\ExitDialog.wxs : information WIX0005: [Converted] This file contains an XML declaration on the first line. (DeclarationPresent)
[10.25.2025 19:35:15.223]: Y:\user_alex_new\dot_net2022\Github\GitExtensions\setup\installer\UI\ExitDialog.wxs(12) : information WIX0009: [Converted] The namespace 'http://schemas.microsoft.com/wix/2006/wi' is out of date. It must be 'http://wixtoolset.org/schemas/v4/wxs'. (XmlnsValueWrong)
[10.25.2025 19:35:15.223]: Y:\user_alex_new\dot_net2022\Github\GitExtensions\setup\installer\UI\ExitDialog.wxs(23) : information WIX0022: [Converted] Using Condition element text is deprecated. Use the 'ShowCondition' attribute instead. (InnerTextDeprecated)
[10.25.2025 19:35:15.223]: Y:\user_alex_new\dot_net2022\Github\GitExtensions\setup\installer\UI\ExitDialog.wxs(24) : information WIX0022: [Converted] Using Condition element text is deprecated. Use the 'ShowCondition' attribute instead. (InnerTextDeprecated)
[10.25.2025 19:35:15.223]: Converting file: Y:\user_alex_new\dot_net2022\Github\GitExtensions\setup\installer\UI\FatalError.wxs...
[10.25.2025 19:35:15.224]: Y:\user_alex_new\dot_net2022\Github\GitExtensions\setup\installer\UI\FatalError.wxs : information WIX0005: [Converted] This file contains an XML declaration on the first line. (DeclarationPresent)
[10.25.2025 19:35:15.224]: Y:\user_alex_new\dot_net2022\Github\GitExtensions\setup\installer\UI\FatalError.wxs(12) : information WIX0009: [Converted] The namespace 'http://schemas.microsoft.com/wix/2006/wi' is out of date. It must be 'http://wixtoolset.org/schemas/v4/wxs'. (XmlnsValueWrong)
[10.25.2025 19:35:15.224]: Y:\user_alex_new\dot_net2022\Github\GitExtensions\setup\installer\UI\FatalError.wxs(17) : information WIX0022: [Converted] Using Publish element text is deprecated. Use the 'Condition' attribute instead. (InnerTextDeprecated)
[10.25.2025 19:35:15.224]: Y:\user_alex_new\dot_net2022\Github\GitExtensions\setup\installer\UI\FatalError.wxs(17) : information WIX0026: [Converted] Adding Condition='1' on Publish elements is no longer necessary. Remove the Condition attribute. (PublishConditionOneUnnecessary)
[10.25.2025 19:35:15.224]: Converting file: Y:\user_alex_new\dot_net2022\Github\GitExtensions\setup\installer\UI\InstallDirDlg.wxs...
[10.25.2025 19:35:15.225]: Y:\user_alex_new\dot_net2022\Github\GitExtensions\setup\installer\UI\InstallDirDlg.wxs : information WIX0005: [Converted] This file contains an XML declaration on the first line. (DeclarationPresent)
[10.25.2025 19:35:15.225]: Y:\user_alex_new\dot_net2022\Github\GitExtensions\setup\installer\UI\InstallDirDlg.wxs(12) : information WIX0009: [Converted] The namespace 'http://schemas.microsoft.com/wix/2006/wi' is out of date. It must be 'http://wixtoolset.org/schemas/v4/wxs'. (XmlnsValueWrong)
[10.25.2025 19:35:15.225]: Y:\user_alex_new\dot_net2022\Github\GitExtensions\setup\installer\UI\InstallDirDlg.wxs(19) : information WIX0022: [Converted] Using Publish element text is deprecated. Use the 'Condition' attribute instead. (InnerTextDeprecated)
[10.25.2025 19:35:15.225]: Y:\user_alex_new\dot_net2022\Github\GitExtensions\setup\installer\UI\InstallDirDlg.wxs(19) : information WIX0026: [Converted] Adding Condition='1' on Publish elements is no longer necessary. Remove the Condition attribute. (PublishConditionOneUnnecessary)
[10.25.2025 19:35:15.225]: Converting file: Y:\user_alex_new\dot_net2022\Github\GitExtensions\setup\installer\UI\MaintenanceTypeDlg.wxs...
[10.25.2025 19:35:15.226]: Y:\user_alex_new\dot_net2022\Github\GitExtensions\setup\installer\UI\MaintenanceTypeDlg.wxs : information WIX0005: [Converted] This file contains an XML declaration on the first line. (DeclarationPresent)
[10.25.2025 19:35:15.226]: Y:\user_alex_new\dot_net2022\Github\GitExtensions\setup\installer\UI\MaintenanceTypeDlg.wxs(12) : information WIX0009: [Converted] The namespace 'http://schemas.microsoft.com/wix/2006/wi' is out of date. It must be 'http://wixtoolset.org/schemas/v4/wxs'. (XmlnsValueWrong)
[10.25.2025 19:35:15.226]: Y:\user_alex_new\dot_net2022\Github\GitExtensions\setup\installer\UI\MaintenanceTypeDlg.wxs(16) : information WIX0022: [Converted] Using Condition element text is deprecated. Use the 'DisableCondition' attribute instead. (InnerTextDeprecated)
[10.25.2025 19:35:15.226]: Y:\user_alex_new\dot_net2022\Github\GitExtensions\setup\installer\UI\MaintenanceTypeDlg.wxs(17) : information WIX0022: [Converted] Using Publish element text is deprecated. Use the 'Condition' attribute instead. (InnerTextDeprecated)
[10.25.2025 19:35:15.226]: Y:\user_alex_new\dot_net2022\Github\GitExtensions\setup\installer\UI\MaintenanceTypeDlg.wxs(17) : information WIX0026: [Converted] Adding Condition='1' on Publish elements is no longer necessary. Remove the Condition attribute. (PublishConditionOneUnnecessary)
[10.25.2025 19:35:15.226]: Y:\user_alex_new\dot_net2022\Github\GitExtensions\setup\installer\UI\MaintenanceTypeDlg.wxs(20) : information WIX0022: [Converted] Using Condition element text is deprecated. Use the 'HideCondition' attribute instead. (InnerTextDeprecated)
[10.25.2025 19:35:15.226]: Y:\user_alex_new\dot_net2022\Github\GitExtensions\setup\installer\UI\MaintenanceTypeDlg.wxs(21) : information WIX0022: [Converted] Using Condition element text is deprecated. Use the 'ShowCondition' attribute instead. (InnerTextDeprecated)
[10.25.2025 19:35:15.227]: Y:\user_alex_new\dot_net2022\Github\GitExtensions\setup\installer\UI\MaintenanceTypeDlg.wxs(22) : information WIX0022: [Converted] Using Condition element text is deprecated. Use the 'DisableCondition' attribute instead. (InnerTextDeprecated)
[10.25.2025 19:35:15.227]: Y:\user_alex_new\dot_net2022\Github\GitExtensions\setup\installer\UI\MaintenanceTypeDlg.wxs(23) : information WIX0022: [Converted] Using Publish element text is deprecated. Use the 'Condition' attribute instead. (InnerTextDeprecated)
[10.25.2025 19:35:15.227]: Y:\user_alex_new\dot_net2022\Github\GitExtensions\setup\installer\UI\MaintenanceTypeDlg.wxs(23) : information WIX0026: [Converted] Adding Condition='1' on Publish elements is no longer necessary. Remove the Condition attribute. (PublishConditionOneUnnecessary)
[10.25.2025 19:35:15.227]: Y:\user_alex_new\dot_net2022\Github\GitExtensions\setup\installer\UI\MaintenanceTypeDlg.wxs(26) : information WIX0022: [Converted] Using Condition element text is deprecated. Use the 'HideCondition' attribute instead. (InnerTextDeprecated)
[10.25.2025 19:35:15.227]: Y:\user_alex_new\dot_net2022\Github\GitExtensions\setup\installer\UI\MaintenanceTypeDlg.wxs(27) : information WIX0022: [Converted] Using Condition element text is deprecated. Use the 'ShowCondition' attribute instead. (InnerTextDeprecated)
[10.25.2025 19:35:15.227]: Y:\user_alex_new\dot_net2022\Github\GitExtensions\setup\installer\UI\MaintenanceTypeDlg.wxs(28) : information WIX0022: [Converted] Using Condition element text is deprecated. Use the 'DisableCondition' attribute instead. (InnerTextDeprecated)
[10.25.2025 19:35:15.227]: Y:\user_alex_new\dot_net2022\Github\GitExtensions\setup\installer\UI\MaintenanceTypeDlg.wxs(29) : information WIX0022: [Converted] Using Publish element text is deprecated. Use the 'Condition' attribute instead. (InnerTextDeprecated)
[10.25.2025 19:35:15.227]: Y:\user_alex_new\dot_net2022\Github\GitExtensions\setup\installer\UI\MaintenanceTypeDlg.wxs(29) : information WIX0026: [Converted] Adding Condition='1' on Publish elements is no longer necessary. Remove the Condition attribute. (PublishConditionOneUnnecessary)
[10.25.2025 19:35:15.227]: Y:\user_alex_new\dot_net2022\Github\GitExtensions\setup\installer\UI\MaintenanceTypeDlg.wxs(32) : information WIX0022: [Converted] Using Condition element text is deprecated. Use the 'HideCondition' attribute instead. (InnerTextDeprecated)
[10.25.2025 19:35:15.227]: Y:\user_alex_new\dot_net2022\Github\GitExtensions\setup\installer\UI\MaintenanceTypeDlg.wxs(33) : information WIX0022: [Converted] Using Condition element text is deprecated. Use the 'ShowCondition' attribute instead. (InnerTextDeprecated)
[10.25.2025 19:35:15.227]: Y:\user_alex_new\dot_net2022\Github\GitExtensions\setup\installer\UI\MaintenanceTypeDlg.wxs(37) : information WIX0022: [Converted] Using Publish element text is deprecated. Use the 'Condition' attribute instead. (InnerTextDeprecated)
[10.25.2025 19:35:15.227]: Y:\user_alex_new\dot_net2022\Github\GitExtensions\setup\installer\UI\MaintenanceTypeDlg.wxs(37) : information WIX0026: [Converted] Adding Condition='1' on Publish elements is no longer necessary. Remove the Condition attribute. (PublishConditionOneUnnecessary)
[10.25.2025 19:35:15.227]: Converting file: Y:\user_alex_new\dot_net2022\Github\GitExtensions\setup\installer\UI\MaintenanceWelcomeDlg.wxs...
[10.25.2025 19:35:15.227]: Y:\user_alex_new\dot_net2022\Github\GitExtensions\setup\installer\UI\MaintenanceWelcomeDlg.wxs : information WIX0005: [Converted] This file contains an XML declaration on the first line. (DeclarationPresent)
[10.25.2025 19:35:15.227]: Y:\user_alex_new\dot_net2022\Github\GitExtensions\setup\installer\UI\MaintenanceWelcomeDlg.wxs(12) : information WIX0009: [Converted] The namespace 'http://schemas.microsoft.com/wix/2006/wi' is out of date. It must be 'http://wixtoolset.org/schemas/v4/wxs'. (XmlnsValueWrong)
[10.25.2025 19:35:15.227]: Y:\user_alex_new\dot_net2022\Github\GitExtensions\setup\installer\UI\MaintenanceWelcomeDlg.wxs(17) : information WIX0022: [Converted] Using Publish element text is deprecated. Use the 'Condition' attribute instead. (InnerTextDeprecated)
[10.25.2025 19:35:15.228]: Y:\user_alex_new\dot_net2022\Github\GitExtensions\setup\installer\UI\MaintenanceWelcomeDlg.wxs(20) : information WIX0022: [Converted] Using Publish element text is deprecated. Use the 'Condition' attribute instead. (InnerTextDeprecated)
[10.25.2025 19:35:15.228]: Y:\user_alex_new\dot_net2022\Github\GitExtensions\setup\installer\UI\MaintenanceWelcomeDlg.wxs(20) : information WIX0026: [Converted] Adding Condition='1' on Publish elements is no longer necessary. Remove the Condition attribute. (PublishConditionOneUnnecessary)
[10.25.2025 19:35:15.228]: Y:\user_alex_new\dot_net2022\Github\GitExtensions\setup\installer\UI\MaintenanceWelcomeDlg.wxs(30) : information WIX0022: [Converted] Using Show element text is deprecated. Use the 'Condition' attribute instead. (InnerTextDeprecated)
[10.25.2025 19:35:15.228]: Converting file: Y:\user_alex_new\dot_net2022\Github\GitExtensions\setup\installer\UI\ProgressDlg.wxs...
[10.25.2025 19:35:15.229]: Y:\user_alex_new\dot_net2022\Github\GitExtensions\setup\installer\UI\ProgressDlg.wxs : information WIX0005: [Converted] This file contains an XML declaration on the first line. (DeclarationPresent)
[10.25.2025 19:35:15.229]: Y:\user_alex_new\dot_net2022\Github\GitExtensions\setup\installer\UI\ProgressDlg.wxs(12) : information WIX0009: [Converted] The namespace 'http://schemas.microsoft.com/wix/2006/wi' is out of date. It must be 'http://wixtoolset.org/schemas/v4/wxs'. (XmlnsValueWrong)
[10.25.2025 19:35:15.229]: Y:\user_alex_new\dot_net2022\Github\GitExtensions\setup\installer\UI\ProgressDlg.wxs(17) : information WIX0022: [Converted] Using Publish element text is deprecated. Use the 'Condition' attribute instead. (InnerTextDeprecated)
[10.25.2025 19:35:15.229]: Y:\user_alex_new\dot_net2022\Github\GitExtensions\setup\installer\UI\ProgressDlg.wxs(17) : information WIX0026: [Converted] Adding Condition='1' on Publish elements is no longer necessary. Remove the Condition attribute. (PublishConditionOneUnnecessary)
[10.25.2025 19:35:15.229]: Y:\user_alex_new\dot_net2022\Github\GitExtensions\setup\installer\UI\ProgressDlg.wxs(25) : information WIX0022: [Converted] Using Condition element text is deprecated. Use the 'ShowCondition' attribute instead. (InnerTextDeprecated)
[10.25.2025 19:35:15.230]: Y:\user_alex_new\dot_net2022\Github\GitExtensions\setup\installer\UI\ProgressDlg.wxs(26) : information WIX0022: [Converted] Using Condition element text is deprecated. Use the 'ShowCondition' attribute instead. (InnerTextDeprecated)
[10.25.2025 19:35:15.230]: Y:\user_alex_new\dot_net2022\Github\GitExtensions\setup\installer\UI\ProgressDlg.wxs(27) : information WIX0022: [Converted] Using Condition element text is deprecated. Use the 'ShowCondition' attribute instead. (InnerTextDeprecated)
[10.25.2025 19:35:15.230]: Y:\user_alex_new\dot_net2022\Github\GitExtensions\setup\installer\UI\ProgressDlg.wxs(28) : information WIX0022: [Converted] Using Condition element text is deprecated. Use the 'ShowCondition' attribute instead. (InnerTextDeprecated)
[10.25.2025 19:35:15.230]: Y:\user_alex_new\dot_net2022\Github\GitExtensions\setup\installer\UI\ProgressDlg.wxs(29) : information WIX0022: [Converted] Using Condition element text is deprecated. Use the 'ShowCondition' attribute instead. (InnerTextDeprecated)
[10.25.2025 19:35:15.230]: Y:\user_alex_new\dot_net2022\Github\GitExtensions\setup\installer\UI\ProgressDlg.wxs(30) : information WIX0022: [Converted] Using Condition element text is deprecated. Use the 'ShowCondition' attribute instead. (InnerTextDeprecated)
[10.25.2025 19:35:15.230]: Y:\user_alex_new\dot_net2022\Github\GitExtensions\setup\installer\UI\ProgressDlg.wxs(31) : information WIX0022: [Converted] Using Condition element text is deprecated. Use the 'ShowCondition' attribute instead. (InnerTextDeprecated)
[10.25.2025 19:35:15.230]: Y:\user_alex_new\dot_net2022\Github\GitExtensions\setup\installer\UI\ProgressDlg.wxs(32) : information WIX0022: [Converted] Using Condition element text is deprecated. Use the 'ShowCondition' attribute instead. (InnerTextDeprecated)
[10.25.2025 19:35:15.230]: Converting file: Y:\user_alex_new\dot_net2022\Github\GitExtensions\setup\installer\UI\UserExit.wxs...
[10.25.2025 19:35:15.230]: Y:\user_alex_new\dot_net2022\Github\GitExtensions\setup\installer\UI\UserExit.wxs : information WIX0005: [Converted] This file contains an XML declaration on the first line. (DeclarationPresent)
[10.25.2025 19:35:15.230]: Y:\user_alex_new\dot_net2022\Github\GitExtensions\setup\installer\UI\UserExit.wxs(12) : information WIX0009: [Converted] The namespace 'http://schemas.microsoft.com/wix/2006/wi' is out of date. It must be 'http://wixtoolset.org/schemas/v4/wxs'. (XmlnsValueWrong)
[10.25.2025 19:35:15.230]: Y:\user_alex_new\dot_net2022\Github\GitExtensions\setup\installer\UI\UserExit.wxs(17) : information WIX0022: [Converted] Using Publish element text is deprecated. Use the 'Condition' attribute instead. (InnerTextDeprecated)
[10.25.2025 19:35:15.230]: Y:\user_alex_new\dot_net2022\Github\GitExtensions\setup\installer\UI\UserExit.wxs(17) : information WIX0026: [Converted] Adding Condition='1' on Publish elements is no longer necessary. Remove the Condition attribute. (PublishConditionOneUnnecessary)
[10.25.2025 19:35:15.230]: Converting file: Y:\user_alex_new\dot_net2022\Github\GitExtensions\setup\installer\UI\VerifyReadyDlg.wxs...
[10.25.2025 19:35:15.235]: Y:\user_alex_new\dot_net2022\Github\GitExtensions\setup\installer\UI\VerifyReadyDlg.wxs : information WIX0005: [Converted] This file contains an XML declaration on the first line. (DeclarationPresent)
[10.25.2025 19:35:15.235]: Y:\user_alex_new\dot_net2022\Github\GitExtensions\setup\installer\UI\VerifyReadyDlg.wxs(12) : information WIX0009: [Converted] The namespace 'http://schemas.microsoft.com/wix/2006/wi' is out of date. It must be 'http://wixtoolset.org/schemas/v4/wxs'. (XmlnsValueWrong)
[10.25.2025 19:35:15.235]: Y:\user_alex_new\dot_net2022\Github\GitExtensions\setup\installer\UI\VerifyReadyDlg.wxs(16) : information WIX0022: [Converted] Using Condition element text is deprecated. Use the 'ShowCondition' attribute instead. (InnerTextDeprecated)
[10.25.2025 19:35:15.235]: Y:\user_alex_new\dot_net2022\Github\GitExtensions\setup\installer\UI\VerifyReadyDlg.wxs(16) : information WIX0022: [Converted] Using Condition element text is deprecated. Use the 'EnableCondition' attribute instead. (InnerTextDeprecated)
[10.25.2025 19:35:15.235]: Y:\user_alex_new\dot_net2022\Github\GitExtensions\setup\installer\UI\VerifyReadyDlg.wxs(16) : information WIX0022: [Converted] Using Condition element text is deprecated. Use the 'DefaultCondition' attribute instead. (InnerTextDeprecated)
[10.25.2025 19:35:15.235]: Y:\user_alex_new\dot_net2022\Github\GitExtensions\setup\installer\UI\VerifyReadyDlg.wxs(20) : information WIX0022: [Converted] Using Publish element text is deprecated. Use the 'Condition' attribute instead. (InnerTextDeprecated)
[10.25.2025 19:35:15.235]: Y:\user_alex_new\dot_net2022\Github\GitExtensions\setup\installer\UI\VerifyReadyDlg.wxs(21) : information WIX0022: [Converted] Using Publish element text is deprecated. Use the 'Condition' attribute instead. (InnerTextDeprecated)
[10.25.2025 19:35:15.235]: Y:\user_alex_new\dot_net2022\Github\GitExtensions\setup\installer\UI\VerifyReadyDlg.wxs(22) : information WIX0022: [Converted] Using Publish element text is deprecated. Use the 'Condition' attribute instead. (InnerTextDeprecated)
[10.25.2025 19:35:15.235]: Y:\user_alex_new\dot_net2022\Github\GitExtensions\setup\installer\UI\VerifyReadyDlg.wxs(23) : information WIX0022: [Converted] Using Publish element text is deprecated. Use the 'Condition' attribute instead. (InnerTextDeprecated)
[10.25.2025 19:35:15.235]: Y:\user_alex_new\dot_net2022\Github\GitExtensions\setup\installer\UI\VerifyReadyDlg.wxs(24) : information WIX0022: [Converted] Using Publish element text is deprecated. Use the 'Condition' attribute instead. (InnerTextDeprecated)
[10.25.2025 19:35:15.235]: Y:\user_alex_new\dot_net2022\Github\GitExtensions\setup\installer\UI\VerifyReadyDlg.wxs(26) : information WIX0022: [Converted] Using Condition element text is deprecated. Use the 'ShowCondition' attribute instead. (InnerTextDeprecated)
[10.25.2025 19:35:15.235]: Y:\user_alex_new\dot_net2022\Github\GitExtensions\setup\installer\UI\VerifyReadyDlg.wxs(26) : information WIX0022: [Converted] Using Condition element text is deprecated. Use the 'EnableCondition' attribute instead. (InnerTextDeprecated)
[10.25.2025 19:35:15.235]: Y:\user_alex_new\dot_net2022\Github\GitExtensions\setup\installer\UI\VerifyReadyDlg.wxs(26) : information WIX0022: [Converted] Using Condition element text is deprecated. Use the 'DefaultCondition' attribute instead. (InnerTextDeprecated)
[10.25.2025 19:35:15.235]: Y:\user_alex_new\dot_net2022\Github\GitExtensions\setup\installer\UI\VerifyReadyDlg.wxs(30) : information WIX0022: [Converted] Using Publish element text is deprecated. Use the 'Condition' attribute instead. (InnerTextDeprecated)
[10.25.2025 19:35:15.235]: Y:\user_alex_new\dot_net2022\Github\GitExtensions\setup\installer\UI\VerifyReadyDlg.wxs(31) : information WIX0022: [Converted] Using Publish element text is deprecated. Use the 'Condition' attribute instead. (InnerTextDeprecated)
[10.25.2025 19:35:15.235]: Y:\user_alex_new\dot_net2022\Github\GitExtensions\setup\installer\UI\VerifyReadyDlg.wxs(32) : information WIX0022: [Converted] Using Publish element text is deprecated. Use the 'Condition' attribute instead. (InnerTextDeprecated)
[10.25.2025 19:35:15.235]: Y:\user_alex_new\dot_net2022\Github\GitExtensions\setup\installer\UI\VerifyReadyDlg.wxs(33) : information WIX0022: [Converted] Using Publish element text is deprecated. Use the 'Condition' attribute instead. (InnerTextDeprecated)
[10.25.2025 19:35:15.235]: Y:\user_alex_new\dot_net2022\Github\GitExtensions\setup\installer\UI\VerifyReadyDlg.wxs(34) : information WIX0022: [Converted] Using Publish element text is deprecated. Use the 'Condition' attribute instead. (InnerTextDeprecated)
[10.25.2025 19:35:15.235]: Y:\user_alex_new\dot_net2022\Github\GitExtensions\setup\installer\UI\VerifyReadyDlg.wxs(36) : information WIX0022: [Converted] Using Condition element text is deprecated. Use the 'ShowCondition' attribute instead. (InnerTextDeprecated)
[10.25.2025 19:35:15.236]: Y:\user_alex_new\dot_net2022\Github\GitExtensions\setup\installer\UI\VerifyReadyDlg.wxs(36) : information WIX0022: [Converted] Using Condition element text is deprecated. Use the 'EnableCondition' attribute instead. (InnerTextDeprecated)
[10.25.2025 19:35:15.236]: Y:\user_alex_new\dot_net2022\Github\GitExtensions\setup\installer\UI\VerifyReadyDlg.wxs(36) : information WIX0022: [Converted] Using Condition element text is deprecated. Use the 'DefaultCondition' attribute instead. (InnerTextDeprecated)
[10.25.2025 19:35:15.236]: Y:\user_alex_new\dot_net2022\Github\GitExtensions\setup\installer\UI\VerifyReadyDlg.wxs(40) : information WIX0022: [Converted] Using Publish element text is deprecated. Use the 'Condition' attribute instead. (InnerTextDeprecated)
[10.25.2025 19:35:15.236]: Y:\user_alex_new\dot_net2022\Github\GitExtensions\setup\installer\UI\VerifyReadyDlg.wxs(41) : information WIX0022: [Converted] Using Publish element text is deprecated. Use the 'Condition' attribute instead. (InnerTextDeprecated)
[10.25.2025 19:35:15.236]: Y:\user_alex_new\dot_net2022\Github\GitExtensions\setup\installer\UI\VerifyReadyDlg.wxs(42) : information WIX0022: [Converted] Using Publish element text is deprecated. Use the 'Condition' attribute instead. (InnerTextDeprecated)
[10.25.2025 19:35:15.236]: Y:\user_alex_new\dot_net2022\Github\GitExtensions\setup\installer\UI\VerifyReadyDlg.wxs(43) : information WIX0022: [Converted] Using Publish element text is deprecated. Use the 'Condition' attribute instead. (InnerTextDeprecated)
[10.25.2025 19:35:15.236]: Y:\user_alex_new\dot_net2022\Github\GitExtensions\setup\installer\UI\VerifyReadyDlg.wxs(44) : information WIX0022: [Converted] Using Publish element text is deprecated. Use the 'Condition' attribute instead. (InnerTextDeprecated)
[10.25.2025 19:35:15.236]: Y:\user_alex_new\dot_net2022\Github\GitExtensions\setup\installer\UI\VerifyReadyDlg.wxs(46) : information WIX0022: [Converted] Using Condition element text is deprecated. Use the 'ShowCondition' attribute instead. (InnerTextDeprecated)
[10.25.2025 19:35:15.236]: Y:\user_alex_new\dot_net2022\Github\GitExtensions\setup\installer\UI\VerifyReadyDlg.wxs(46) : information WIX0022: [Converted] Using Condition element text is deprecated. Use the 'EnableCondition' attribute instead. (InnerTextDeprecated)
[10.25.2025 19:35:15.236]: Y:\user_alex_new\dot_net2022\Github\GitExtensions\setup\installer\UI\VerifyReadyDlg.wxs(46) : information WIX0022: [Converted] Using Condition element text is deprecated. Use the 'DefaultCondition' attribute instead. (InnerTextDeprecated)
[10.25.2025 19:35:15.236]: Y:\user_alex_new\dot_net2022\Github\GitExtensions\setup\installer\UI\VerifyReadyDlg.wxs(50) : information WIX0022: [Converted] Using Publish element text is deprecated. Use the 'Condition' attribute instead. (InnerTextDeprecated)
[10.25.2025 19:35:15.236]: Y:\user_alex_new\dot_net2022\Github\GitExtensions\setup\installer\UI\VerifyReadyDlg.wxs(51) : information WIX0022: [Converted] Using Publish element text is deprecated. Use the 'Condition' attribute instead. (InnerTextDeprecated)
[10.25.2025 19:35:15.236]: Y:\user_alex_new\dot_net2022\Github\GitExtensions\setup\installer\UI\VerifyReadyDlg.wxs(52) : information WIX0022: [Converted] Using Publish element text is deprecated. Use the 'Condition' attribute instead. (InnerTextDeprecated)
[10.25.2025 19:35:15.236]: Y:\user_alex_new\dot_net2022\Github\GitExtensions\setup\installer\UI\VerifyReadyDlg.wxs(53) : information WIX0022: [Converted] Using Publish element text is deprecated. Use the 'Condition' attribute instead. (InnerTextDeprecated)
[10.25.2025 19:35:15.236]: Y:\user_alex_new\dot_net2022\Github\GitExtensions\setup\installer\UI\VerifyReadyDlg.wxs(54) : information WIX0022: [Converted] Using Publish element text is deprecated. Use the 'Condition' attribute instead. (InnerTextDeprecated)
[10.25.2025 19:35:15.236]: Y:\user_alex_new\dot_net2022\Github\GitExtensions\setup\installer\UI\VerifyReadyDlg.wxs(56) : information WIX0022: [Converted] Using Condition element text is deprecated. Use the 'ShowCondition' attribute instead. (InnerTextDeprecated)
[10.25.2025 19:35:15.236]: Y:\user_alex_new\dot_net2022\Github\GitExtensions\setup\installer\UI\VerifyReadyDlg.wxs(56) : information WIX0022: [Converted] Using Condition element text is deprecated. Use the 'EnableCondition' attribute instead. (InnerTextDeprecated)
[10.25.2025 19:35:15.236]: Y:\user_alex_new\dot_net2022\Github\GitExtensions\setup\installer\UI\VerifyReadyDlg.wxs(56) : information WIX0022: [Converted] Using Condition element text is deprecated. Use the 'DefaultCondition' attribute instead. (InnerTextDeprecated)
[10.25.2025 19:35:15.236]: Y:\user_alex_new\dot_net2022\Github\GitExtensions\setup\installer\UI\VerifyReadyDlg.wxs(60) : information WIX0022: [Converted] Using Publish element text is deprecated. Use the 'Condition' attribute instead. (InnerTextDeprecated)
[10.25.2025 19:35:15.236]: Y:\user_alex_new\dot_net2022\Github\GitExtensions\setup\installer\UI\VerifyReadyDlg.wxs(61) : information WIX0022: [Converted] Using Publish element text is deprecated. Use the 'Condition' attribute instead. (InnerTextDeprecated)
[10.25.2025 19:35:15.236]: Y:\user_alex_new\dot_net2022\Github\GitExtensions\setup\installer\UI\VerifyReadyDlg.wxs(62) : information WIX0022: [Converted] Using Publish element text is deprecated. Use the 'Condition' attribute instead. (InnerTextDeprecated)
[10.25.2025 19:35:15.236]: Y:\user_alex_new\dot_net2022\Github\GitExtensions\setup\installer\UI\VerifyReadyDlg.wxs(63) : information WIX0022: [Converted] Using Publish element text is deprecated. Use the 'Condition' attribute instead. (InnerTextDeprecated)
[10.25.2025 19:35:15.236]: Y:\user_alex_new\dot_net2022\Github\GitExtensions\setup\installer\UI\VerifyReadyDlg.wxs(64) : information WIX0022: [Converted] Using Publish element text is deprecated. Use the 'Condition' attribute instead. (InnerTextDeprecated)
[10.25.2025 19:35:15.236]: Y:\user_alex_new\dot_net2022\Github\GitExtensions\setup\installer\UI\VerifyReadyDlg.wxs(65) : information WIX0022: [Converted] Using Publish element text is deprecated. Use the 'Condition' attribute instead. (InnerTextDeprecated)
[10.25.2025 19:35:15.236]: Y:\user_alex_new\dot_net2022\Github\GitExtensions\setup\installer\UI\VerifyReadyDlg.wxs(66) : information WIX0022: [Converted] Using Publish element text is deprecated. Use the 'Condition' attribute instead. (InnerTextDeprecated)
[10.25.2025 19:35:15.236]: Y:\user_alex_new\dot_net2022\Github\GitExtensions\setup\installer\UI\VerifyReadyDlg.wxs(68) : information WIX0022: [Converted] Using Condition element text is deprecated. Use the 'ShowCondition' attribute instead. (InnerTextDeprecated)
[10.25.2025 19:35:15.236]: Y:\user_alex_new\dot_net2022\Github\GitExtensions\setup\installer\UI\VerifyReadyDlg.wxs(68) : information WIX0022: [Converted] Using Condition element text is deprecated. Use the 'EnableCondition' attribute instead. (InnerTextDeprecated)
[10.25.2025 19:35:15.236]: Y:\user_alex_new\dot_net2022\Github\GitExtensions\setup\installer\UI\VerifyReadyDlg.wxs(71) : information WIX0022: [Converted] Using Publish element text is deprecated. Use the 'Condition' attribute instead. (InnerTextDeprecated)
[10.25.2025 19:35:15.236]: Y:\user_alex_new\dot_net2022\Github\GitExtensions\setup\installer\UI\VerifyReadyDlg.wxs(72) : information WIX0022: [Converted] Using Publish element text is deprecated. Use the 'Condition' attribute instead. (InnerTextDeprecated)
[10.25.2025 19:35:15.236]: Y:\user_alex_new\dot_net2022\Github\GitExtensions\setup\installer\UI\VerifyReadyDlg.wxs(73) : information WIX0022: [Converted] Using Publish element text is deprecated. Use the 'Condition' attribute instead. (InnerTextDeprecated)
[10.25.2025 19:35:15.236]: Y:\user_alex_new\dot_net2022\Github\GitExtensions\setup\installer\UI\VerifyReadyDlg.wxs(74) : information WIX0022: [Converted] Using Publish element text is deprecated. Use the 'Condition' attribute instead. (InnerTextDeprecated)
[10.25.2025 19:35:15.236]: Y:\user_alex_new\dot_net2022\Github\GitExtensions\setup\installer\UI\VerifyReadyDlg.wxs(75) : information WIX0022: [Converted] Using Publish element text is deprecated. Use the 'Condition' attribute instead. (InnerTextDeprecated)
[10.25.2025 19:35:15.236]: Y:\user_alex_new\dot_net2022\Github\GitExtensions\setup\installer\UI\VerifyReadyDlg.wxs(76) : information WIX0022: [Converted] Using Publish element text is deprecated. Use the 'Condition' attribute instead. (InnerTextDeprecated)
[10.25.2025 19:35:15.236]: Y:\user_alex_new\dot_net2022\Github\GitExtensions\setup\installer\UI\VerifyReadyDlg.wxs(78) : information WIX0022: [Converted] Using Condition element text is deprecated. Use the 'ShowCondition' attribute instead. (InnerTextDeprecated)
[10.25.2025 19:35:15.236]: Y:\user_alex_new\dot_net2022\Github\GitExtensions\setup\installer\UI\VerifyReadyDlg.wxs(78) : information WIX0022: [Converted] Using Condition element text is deprecated. Use the 'EnableCondition' attribute instead. (InnerTextDeprecated)
[10.25.2025 19:35:15.236]: Y:\user_alex_new\dot_net2022\Github\GitExtensions\setup\installer\UI\VerifyReadyDlg.wxs(81) : information WIX0022: [Converted] Using Publish element text is deprecated. Use the 'Condition' attribute instead. (InnerTextDeprecated)
[10.25.2025 19:35:15.236]: Y:\user_alex_new\dot_net2022\Github\GitExtensions\setup\installer\UI\VerifyReadyDlg.wxs(82) : information WIX0022: [Converted] Using Publish element text is deprecated. Use the 'Condition' attribute instead. (InnerTextDeprecated)
[10.25.2025 19:35:15.236]: Y:\user_alex_new\dot_net2022\Github\GitExtensions\setup\installer\UI\VerifyReadyDlg.wxs(83) : information WIX0022: [Converted] Using Publish element text is deprecated. Use the 'Condition' attribute instead. (InnerTextDeprecated)
[10.25.2025 19:35:15.236]: Y:\user_alex_new\dot_net2022\Github\GitExtensions\setup\installer\UI\VerifyReadyDlg.wxs(84) : information WIX0022: [Converted] Using Publish element text is deprecated. Use the 'Condition' attribute instead. (InnerTextDeprecated)
[10.25.2025 19:35:15.236]: Y:\user_alex_new\dot_net2022\Github\GitExtensions\setup\installer\UI\VerifyReadyDlg.wxs(85) : information WIX0022: [Converted] Using Publish element text is deprecated. Use the 'Condition' attribute instead. (InnerTextDeprecated)
[10.25.2025 19:35:15.236]: Y:\user_alex_new\dot_net2022\Github\GitExtensions\setup\installer\UI\VerifyReadyDlg.wxs(86) : information WIX0022: [Converted] Using Publish element text is deprecated. Use the 'Condition' attribute instead. (InnerTextDeprecated)
[10.25.2025 19:35:15.236]: Y:\user_alex_new\dot_net2022\Github\GitExtensions\setup\installer\UI\VerifyReadyDlg.wxs(89) : information WIX0022: [Converted] Using Condition element text is deprecated. Use the 'ShowCondition' attribute instead. (InnerTextDeprecated)
[10.25.2025 19:35:15.236]: Y:\user_alex_new\dot_net2022\Github\GitExtensions\setup\installer\UI\VerifyReadyDlg.wxs(90) : information WIX0022: [Converted] Using Condition element text is deprecated. Use the 'ShowCondition' attribute instead. (InnerTextDeprecated)
[10.25.2025 19:35:15.236]: Y:\user_alex_new\dot_net2022\Github\GitExtensions\setup\installer\UI\VerifyReadyDlg.wxs(91) : information WIX0022: [Converted] Using Condition element text is deprecated. Use the 'ShowCondition' attribute instead. (InnerTextDeprecated)
[10.25.2025 19:35:15.236]: Y:\user_alex_new\dot_net2022\Github\GitExtensions\setup\installer\UI\VerifyReadyDlg.wxs(92) : information WIX0022: [Converted] Using Condition element text is deprecated. Use the 'ShowCondition' attribute instead. (InnerTextDeprecated)
[10.25.2025 19:35:15.236]: Y:\user_alex_new\dot_net2022\Github\GitExtensions\setup\installer\UI\VerifyReadyDlg.wxs(93) : information WIX0022: [Converted] Using Condition element text is deprecated. Use the 'ShowCondition' attribute instead. (InnerTextDeprecated)
[10.25.2025 19:35:15.236]: Y:\user_alex_new\dot_net2022\Github\GitExtensions\setup\installer\UI\VerifyReadyDlg.wxs(94) : information WIX0022: [Converted] Using Condition element text is deprecated. Use the 'ShowCondition' attribute instead. (InnerTextDeprecated)
[10.25.2025 19:35:15.236]: Y:\user_alex_new\dot_net2022\Github\GitExtensions\setup\installer\UI\VerifyReadyDlg.wxs(95) : information WIX0022: [Converted] Using Condition element text is deprecated. Use the 'ShowCondition' attribute instead. (InnerTextDeprecated)
[10.25.2025 19:35:15.236]: Y:\user_alex_new\dot_net2022\Github\GitExtensions\setup\installer\UI\VerifyReadyDlg.wxs(96) : information WIX0022: [Converted] Using Condition element text is deprecated. Use the 'ShowCondition' attribute instead. (InnerTextDeprecated)
[10.25.2025 19:35:15.236]: Y:\user_alex_new\dot_net2022\Github\GitExtensions\setup\installer\UI\VerifyReadyDlg.wxs(99) : information WIX0022: [Converted] Using Publish element text is deprecated. Use the 'Condition' attribute instead. (InnerTextDeprecated)
[10.25.2025 19:35:15.236]: Y:\user_alex_new\dot_net2022\Github\GitExtensions\setup\installer\UI\VerifyReadyDlg.wxs(99) : information WIX0026: [Converted] Adding Condition='1' on Publish elements is no longer necessary. Remove the Condition attribute. (PublishConditionOneUnnecessary)
[10.25.2025 19:35:15.236]: Y:\user_alex_new\dot_net2022\Github\GitExtensions\setup\installer\UI\VerifyReadyDlg.wxs(101) : information WIX0022: [Converted] Using Condition element text is deprecated. Use the 'DefaultCondition' attribute instead. (InnerTextDeprecated)
[10.25.2025 19:35:15.236]: Converting file: Y:\user_alex_new\dot_net2022\Github\GitExtensions\setup\installer\UI\WelcomeDlg.wxs...
[10.25.2025 19:35:15.237]: Y:\user_alex_new\dot_net2022\Github\GitExtensions\setup\installer\UI\WelcomeDlg.wxs : information WIX0005: [Converted] This file contains an XML declaration on the first line. (DeclarationPresent)
[10.25.2025 19:35:15.237]: Y:\user_alex_new\dot_net2022\Github\GitExtensions\setup\installer\UI\WelcomeDlg.wxs(12) : information WIX0009: [Converted] The namespace 'http://schemas.microsoft.com/wix/2006/wi' is out of date. It must be 'http://wixtoolset.org/schemas/v4/wxs'. (XmlnsValueWrong)
[10.25.2025 19:35:15.237]: Y:\user_alex_new\dot_net2022\Github\GitExtensions\setup\installer\UI\WelcomeDlg.wxs(18) : information WIX0022: [Converted] Using Publish element text is deprecated. Use the 'Condition' attribute instead. (InnerTextDeprecated)
[10.25.2025 19:35:15.237]: Y:\user_alex_new\dot_net2022\Github\GitExtensions\setup\installer\UI\WelcomeDlg.wxs(18) : information WIX0026: [Converted] Adding Condition='1' on Publish elements is no longer necessary. Remove the Condition attribute. (PublishConditionOneUnnecessary)
[10.25.2025 19:35:15.237]: Y:\user_alex_new\dot_net2022\Github\GitExtensions\setup\installer\UI\WelcomeDlg.wxs(28) : information WIX0022: [Converted] Using Show element text is deprecated. Use the 'Condition' attribute instead. (InnerTextDeprecated)
[10.25.2025 19:35:15.237]: Converting file: Y:\user_alex_new\dot_net2022\Github\GitExtensions\setup\installer\UI\WixUI.wxs...
[10.25.2025 19:35:15.240]: Y:\user_alex_new\dot_net2022\Github\GitExtensions\setup\installer\UI\WixUI.wxs : information WIX0005: [Converted] This file contains an XML declaration on the first line. (DeclarationPresent)
[10.25.2025 19:35:15.240]: Y:\user_alex_new\dot_net2022\Github\GitExtensions\setup\installer\UI\WixUI.wxs(12) : information WIX0009: [Converted] The namespace 'http://schemas.microsoft.com/wix/2006/wi' is out of date. It must be 'http://wixtoolset.org/schemas/v4/wxs'. (XmlnsValueWrong)
[10.25.2025 19:35:15.240]: Y:\user_alex_new\dot_net2022\Github\GitExtensions\setup\installer\UI\WixUI.wxs(33) : information WIX0022: [Converted] Using Publish element text is deprecated. Use the 'Condition' attribute instead. (InnerTextDeprecated)
[10.25.2025 19:35:15.240]: Y:\user_alex_new\dot_net2022\Github\GitExtensions\setup\installer\UI\WixUI.wxs(33) : information WIX0026: [Converted] Adding Condition='1' on Publish elements is no longer necessary. Remove the Condition attribute. (PublishConditionOneUnnecessary)
[10.25.2025 19:35:15.240]: Y:\user_alex_new\dot_net2022\Github\GitExtensions\setup\installer\UI\WixUI.wxs(35) : information WIX0022: [Converted] Using Publish element text is deprecated. Use the 'Condition' attribute instead. (InnerTextDeprecated)
[10.25.2025 19:35:15.240]: Y:\user_alex_new\dot_net2022\Github\GitExtensions\setup\installer\UI\WixUI.wxs(35) : information WIX0026: [Converted] Adding Condition='1' on Publish elements is no longer necessary. Remove the Condition attribute. (PublishConditionOneUnnecessary)
[10.25.2025 19:35:15.240]: Y:\user_alex_new\dot_net2022\Github\GitExtensions\setup\installer\UI\WixUI.wxs(35) : information WIX0065: [Converted] Custom action ids have changed in WiX v4 extensions to support platform-specific custom actions. For more information, see https://wixtoolset.org/docs/fourthree/faqs/#converting-custom-wixui-dialog-sets. (CustomActionIdsIncludePlatformSuffix)
[10.25.2025 19:35:15.240]: Y:\user_alex_new\dot_net2022\Github\GitExtensions\setup\installer\UI\WixUI.wxs(36) : information WIX0022: [Converted] Using Publish element text is deprecated. Use the 'Condition' attribute instead. (InnerTextDeprecated)
[10.25.2025 19:35:15.240]: Y:\user_alex_new\dot_net2022\Github\GitExtensions\setup\installer\UI\WixUI.wxs(40) : information WIX0022: [Converted] Using Publish element text is deprecated. Use the 'Condition' attribute instead. (InnerTextDeprecated)
[10.25.2025 19:35:15.240]: Y:\user_alex_new\dot_net2022\Github\GitExtensions\setup\installer\UI\WixUI.wxs(40) : information WIX0026: [Converted] Adding Condition='1' on Publish elements is no longer necessary. Remove the Condition attribute. (PublishConditionOneUnnecessary)
[10.25.2025 19:35:15.240]: Y:\user_alex_new\dot_net2022\Github\GitExtensions\setup\installer\UI\WixUI.wxs(41) : information WIX0022: [Converted] Using Publish element text is deprecated. Use the 'Condition' attribute instead. (InnerTextDeprecated)
[10.25.2025 19:35:15.240]: Y:\user_alex_new\dot_net2022\Github\GitExtensions\setup\installer\UI\WixUI.wxs(41) : information WIX0026: [Converted] Adding Condition='1' on Publish elements is no longer necessary. Remove the Condition attribute. (PublishConditionOneUnnecessary)
[10.25.2025 19:35:15.240]: Y:\user_alex_new\dot_net2022\Github\GitExtensions\setup\installer\UI\WixUI.wxs(42) : information WIX0022: [Converted] Using Publish element text is deprecated. Use the 'Condition' attribute instead. (InnerTextDeprecated)
[10.25.2025 19:35:15.240]: Y:\user_alex_new\dot_net2022\Github\GitExtensions\setup\installer\UI\WixUI.wxs(42) : information WIX0026: [Converted] Adding Condition='1' on Publish elements is no longer necessary. Remove the Condition attribute. (PublishConditionOneUnnecessary)
[10.25.2025 19:35:15.240]: Y:\user_alex_new\dot_net2022\Github\GitExtensions\setup\installer\UI\WixUI.wxs(43) : information WIX0022: [Converted] Using Publish element text is deprecated. Use the 'Condition' attribute instead. (InnerTextDeprecated)
[10.25.2025 19:35:15.240]: Y:\user_alex_new\dot_net2022\Github\GitExtensions\setup\installer\UI\WixUI.wxs(43) : information WIX0026: [Converted] Adding Condition='1' on Publish elements is no longer necessary. Remove the Condition attribute. (PublishConditionOneUnnecessary)
[10.25.2025 19:35:15.240]: Y:\user_alex_new\dot_net2022\Github\GitExtensions\setup\installer\UI\WixUI.wxs(45) : information WIX0022: [Converted] Using Publish element text is deprecated. Use the 'Condition' attribute instead. (InnerTextDeprecated)
[10.25.2025 19:35:15.240]: Y:\user_alex_new\dot_net2022\Github\GitExtensions\setup\installer\UI\WixUI.wxs(45) : information WIX0026: [Converted] Adding Condition='1' on Publish elements is no longer necessary. Remove the Condition attribute. (PublishConditionOneUnnecessary)
[10.25.2025 19:35:15.240]: Y:\user_alex_new\dot_net2022\Github\GitExtensions\setup\installer\UI\WixUI.wxs(46) : information WIX0022: [Converted] Using Publish element text is deprecated. Use the 'Condition' attribute instead. (InnerTextDeprecated)
[10.25.2025 19:35:15.240]: Y:\user_alex_new\dot_net2022\Github\GitExtensions\setup\installer\UI\WixUI.wxs(46) : information WIX0026: [Converted] Adding Condition='1' on Publish elements is no longer necessary. Remove the Condition attribute. (PublishConditionOneUnnecessary)
[10.25.2025 19:35:15.240]: Y:\user_alex_new\dot_net2022\Github\GitExtensions\setup\installer\UI\WixUI.wxs(47) : information WIX0022: [Converted] Using Publish element text is deprecated. Use the 'Condition' attribute instead. (InnerTextDeprecated)
[10.25.2025 19:35:15.240]: Y:\user_alex_new\dot_net2022\Github\GitExtensions\setup\installer\UI\WixUI.wxs(47) : information WIX0026: [Converted] Adding Condition='1' on Publish elements is no longer necessary. Remove the Condition attribute. (PublishConditionOneUnnecessary)
[10.25.2025 19:35:15.240]: Y:\user_alex_new\dot_net2022\Github\GitExtensions\setup\installer\UI\WixUI.wxs(48) : information WIX0022: [Converted] Using Publish element text is deprecated. Use the 'Condition' attribute instead. (InnerTextDeprecated)
[10.25.2025 19:35:15.240]: Y:\user_alex_new\dot_net2022\Github\GitExtensions\setup\installer\UI\WixUI.wxs(48) : information WIX0065: [Converted] Custom action ids have changed in WiX v4 extensions to support platform-specific custom actions. For more information, see https://wixtoolset.org/docs/fourthree/faqs/#converting-custom-wixui-dialog-sets. (CustomActionIdsIncludePlatformSuffix)
[10.25.2025 19:35:15.240]: Y:\user_alex_new\dot_net2022\Github\GitExtensions\setup\installer\UI\WixUI.wxs(49) : information WIX0022: [Converted] Using Publish element text is deprecated. Use the 'Condition' attribute instead. (InnerTextDeprecated)
[10.25.2025 19:35:15.240]: Y:\user_alex_new\dot_net2022\Github\GitExtensions\setup\installer\UI\WixUI.wxs(50) : information WIX0022: [Converted] Using Publish element text is deprecated. Use the 'Condition' attribute instead. (InnerTextDeprecated)
[10.25.2025 19:35:15.240]: Y:\user_alex_new\dot_net2022\Github\GitExtensions\setup\installer\UI\WixUI.wxs(54) : information WIX0022: [Converted] Using Publish element text is deprecated. Use the 'Condition' attribute instead. (InnerTextDeprecated)
[10.25.2025 19:35:15.240]: Y:\user_alex_new\dot_net2022\Github\GitExtensions\setup\installer\UI\WixUI.wxs(57) : information WIX0022: [Converted] Using Publish element text is deprecated. Use the 'Condition' attribute instead. (InnerTextDeprecated)
[10.25.2025 19:35:15.240]: Y:\user_alex_new\dot_net2022\Github\GitExtensions\setup\installer\UI\WixUI.wxs(58) : information WIX0022: [Converted] Using Publish element text is deprecated. Use the 'Condition' attribute instead. (InnerTextDeprecated)
[10.25.2025 19:35:15.240]: Y:\user_alex_new\dot_net2022\Github\GitExtensions\setup\installer\UI\WixUI.wxs(59) : information WIX0022: [Converted] Using Publish element text is deprecated. Use the 'Condition' attribute instead. (InnerTextDeprecated)
[10.25.2025 19:35:15.240]: Y:\user_alex_new\dot_net2022\Github\GitExtensions\setup\installer\UI\WixUI.wxs(62) : information WIX0022: [Converted] Using Publish element text is deprecated. Use the 'Condition' attribute instead. (InnerTextDeprecated)
[10.25.2025 19:35:15.240]: Y:\user_alex_new\dot_net2022\Github\GitExtensions\setup\installer\UI\WixUI.wxs(63) : information WIX0022: [Converted] Using Publish element text is deprecated. Use the 'Condition' attribute instead. (InnerTextDeprecated)
[10.25.2025 19:35:15.240]: Y:\user_alex_new\dot_net2022\Github\GitExtensions\setup\installer\UI\WixUI.wxs(65) : information WIX0022: [Converted] Using Publish element text is deprecated. Use the 'Condition' attribute instead. (InnerTextDeprecated)
[10.25.2025 19:35:15.240]: Y:\user_alex_new\dot_net2022\Github\GitExtensions\setup\installer\UI\WixUI.wxs(65) : information WIX0026: [Converted] Adding Condition='1' on Publish elements is no longer necessary. Remove the Condition attribute. (PublishConditionOneUnnecessary)
[10.25.2025 19:35:15.240]: Y:\user_alex_new\dot_net2022\Github\GitExtensions\setup\installer\UI\WixUI.wxs(67) : information WIX0022: [Converted] Using Publish element text is deprecated. Use the 'Condition' attribute instead. (InnerTextDeprecated)
[10.25.2025 19:35:15.240]: Y:\user_alex_new\dot_net2022\Github\GitExtensions\setup\installer\UI\WixUI.wxs(67) : information WIX0026: [Converted] Adding Condition='1' on Publish elements is no longer necessary. Remove the Condition attribute. (PublishConditionOneUnnecessary)
[10.25.2025 19:35:15.240]: Y:\user_alex_new\dot_net2022\Github\GitExtensions\setup\installer\UI\WixUI.wxs(68) : information WIX0022: [Converted] Using Publish element text is deprecated. Use the 'Condition' attribute instead. (InnerTextDeprecated)
[10.25.2025 19:35:15.240]: Y:\user_alex_new\dot_net2022\Github\GitExtensions\setup\installer\UI\WixUI.wxs(68) : information WIX0026: [Converted] Adding Condition='1' on Publish elements is no longer necessary. Remove the Condition attribute. (PublishConditionOneUnnecessary)
[10.25.2025 19:35:15.240]: Y:\user_alex_new\dot_net2022\Github\GitExtensions\setup\installer\UI\WixUI.wxs(69) : information WIX0022: [Converted] Using Publish element text is deprecated. Use the 'Condition' attribute instead. (InnerTextDeprecated)
[10.25.2025 19:35:15.240]: Y:\user_alex_new\dot_net2022\Github\GitExtensions\setup\installer\UI\WixUI.wxs(69) : information WIX0026: [Converted] Adding Condition='1' on Publish elements is no longer necessary. Remove the Condition attribute. (PublishConditionOneUnnecessary)
[10.25.2025 19:35:15.240]: Y:\user_alex_new\dot_net2022\Github\GitExtensions\setup\installer\UI\WixUI.wxs(70) : information WIX0022: [Converted] Using Publish element text is deprecated. Use the 'Condition' attribute instead. (InnerTextDeprecated)
[10.25.2025 19:35:15.240]: Y:\user_alex_new\dot_net2022\Github\GitExtensions\setup\installer\UI\WixUI.wxs(70) : information WIX0026: [Converted] Adding Condition='1' on Publish elements is no longer necessary. Remove the Condition attribute. (PublishConditionOneUnnecessary)
[10.25.2025 19:35:15.240]: Converting file: Y:\user_alex_new\dot_net2022\Github\GitExtensions\setup\installer\AddRemove.wxi...
[10.25.2025 19:35:15.241]: Y:\user_alex_new\dot_net2022\Github\GitExtensions\setup\installer\AddRemove.wxi : information WIX0005: [Converted] This file contains an XML declaration on the first line. (DeclarationPresent)
[10.25.2025 19:35:15.241]: Y:\user_alex_new\dot_net2022\Github\GitExtensions\setup\installer\AddRemove.wxi(1) : information WIX0008: [Converted] The xmlns attribute is missing. It must be present with a value of 'http://wixtoolset.org/schemas/v4/wxs'. (XmlnsMissing)
[10.25.2025 19:35:15.241]: Y:\user_alex_new\dot_net2022\Github\GitExtensions\setup\installer\AddRemove.wxi(2) : information WIX0022: [Converted] Using Property element text is deprecated. Use the 'Value' attribute instead. (InnerTextDeprecated)
[10.25.2025 19:35:15.241]: Y:\user_alex_new\dot_net2022\Github\GitExtensions\setup\installer\AddRemove.wxi(3) : information WIX0022: [Converted] Using Property element text is deprecated. Use the 'Value' attribute instead. (InnerTextDeprecated)
[10.25.2025 19:35:15.241]: Y:\user_alex_new\dot_net2022\Github\GitExtensions\setup\installer\AddRemove.wxi(4) : information WIX0022: [Converted] Using Property element text is deprecated. Use the 'Value' attribute instead. (InnerTextDeprecated)
[10.25.2025 19:35:15.241]: Y:\user_alex_new\dot_net2022\Github\GitExtensions\setup\installer\AddRemove.wxi(5) : information WIX0022: [Converted] Using Property element text is deprecated. Use the 'Value' attribute instead. (InnerTextDeprecated)
[10.25.2025 19:35:15.241]: Converting file: Y:\user_alex_new\dot_net2022\Github\GitExtensions\setup\installer\Config.wxi...
[10.25.2025 19:35:15.242]: Y:\user_alex_new\dot_net2022\Github\GitExtensions\setup\installer\Config.wxi : information WIX0005: [Converted] This file contains an XML declaration on the first line. (DeclarationPresent)
[10.25.2025 19:35:15.242]: Y:\user_alex_new\dot_net2022\Github\GitExtensions\setup\installer\Config.wxi(1) : information WIX0008: [Converted] The xmlns attribute is missing. It must be present with a value of 'http://wixtoolset.org/schemas/v4/wxs'. (XmlnsMissing)
[10.25.2025 19:35:15.242]: Converting file: Y:\user_alex_new\dot_net2022\Github\GitExtensions\setup\installer\EnableUpgrades.wxi...
[10.25.2025 19:35:15.243]: Y:\user_alex_new\dot_net2022\Github\GitExtensions\setup\installer\EnableUpgrades.wxi : information WIX0005: [Converted] This file contains an XML declaration on the first line. (DeclarationPresent)
[10.25.2025 19:35:15.243]: Y:\user_alex_new\dot_net2022\Github\GitExtensions\setup\installer\EnableUpgrades.wxi(1) : information WIX0008: [Converted] The xmlns attribute is missing. It must be present with a value of 'http://wixtoolset.org/schemas/v4/wxs'. (XmlnsMissing)
[10.25.2025 19:35:15.243]: Y:\user_alex_new\dot_net2022\Github\GitExtensions\setup\installer\EnableUpgrades.wxi : information WIX0022: [Converted] Using Condition element text is deprecated. Use the 'Launch' element instead. (InnerTextDeprecated)
[10.25.2025 19:35:15.243]: Y:\user_alex_new\dot_net2022\Github\GitExtensions\setup\installer\EnableUpgrades.wxi(14) : information WIX0022: [Converted] Using SetProperty element text is deprecated. Use the 'Condition' attribute instead. (InnerTextDeprecated)
[10.25.2025 19:35:15.243]: Y:\user_alex_new\dot_net2022\Github\GitExtensions\setup\installer\EnableUpgrades.wxi(15) : information WIX0022: [Converted] Using SetProperty element text is deprecated. Use the 'Condition' attribute instead. (InnerTextDeprecated)
[10.25.2025 19:35:15.243]: Y:\user_alex_new\dot_net2022\Github\GitExtensions\setup\installer\EnableUpgrades.wxi(16) : information WIX0022: [Converted] Using SetProperty element text is deprecated. Use the 'Condition' attribute instead. (InnerTextDeprecated)
[10.25.2025 19:35:15.243]: Y:\user_alex_new\dot_net2022\Github\GitExtensions\setup\installer\EnableUpgrades.wxi(17) : information WIX0022: [Converted] Using SetProperty element text is deprecated. Use the 'Condition' attribute instead. (InnerTextDeprecated)
[10.25.2025 19:35:15.243]: Y:\user_alex_new\dot_net2022\Github\GitExtensions\setup\installer\EnableUpgrades.wxi(18) : information WIX0022: [Converted] Using SetProperty element text is deprecated. Use the 'Condition' attribute instead. (InnerTextDeprecated)
[10.25.2025 19:35:15.243]: Converting file: Y:\user_alex_new\dot_net2022\Github\GitExtensions\setup\installer\RegisterShellExtension.wxi...
[10.25.2025 19:35:15.243]: Y:\user_alex_new\dot_net2022\Github\GitExtensions\setup\installer\RegisterShellExtension.wxi : information WIX0005: [Converted] This file contains an XML declaration on the first line. (DeclarationPresent)
[10.25.2025 19:35:15.243]: Y:\user_alex_new\dot_net2022\Github\GitExtensions\setup\installer\RegisterShellExtension.wxi(1) : information WIX0008: [Converted] The xmlns attribute is missing. It must be present with a value of 'http://wixtoolset.org/schemas/v4/wxs'. (XmlnsMissing)
[10.25.2025 19:35:15.245]: ---- Project Setup: Converted 19 files.
[10.25.2025 19:35:15.245]: ---- Total time: 01.223
[10.25.2025 19:35:15.245]: ========== Import complete:  0 errors, 0 warnings
